has_webRequest,has_all_urls,has_cookies,has_clipboardRead,has_nativeMessaging,has_tabs,has_history,has_downloads,has_storage,has_background_script,has_content_scripts,host_permission_count,total_permission_count,content_script_entropy,has_webRequestBlocking,has_scripting,has_management,has_webNavigation,has_contextMenus,has_proxy,has_declarativeNetRequest,web_accessible_resources,eval_count,atob_count,function_ctor_count,xhr_fetch_count,websocket_count,exec_script_count,keydown_listener,cookie_in_code,long_string_count,hex_escape_count,external_url_count,label
NO,NO,NO,NO,NO,NO,NO,YES,YES,YES,YES,0,6,5.6,NO,NO,NO,NO,NO,NO,NO,NO,0,2,2,0,0,0,NO,0,0,0,6,BENIGN
NO,NO,NO,NO,NO,NO,NO,NO,YES,NO,YES,0,1,5.11,NO,NO,NO,NO,NO,NO,NO,YES,0,0,0,0,0,0,NO,0,0,0,3,BENIGN
YES,NO,YES,NO,NO,YES,NO,NO,YES,YES,YES,0,13,5.69,YES,NO,NO,NO,NO,NO,NO,YES,0,0,2,0,0,0,NO,0,0,0,2,BENIGN
NO,NO,NO,NO,NO,NO,NO,NO,NO,NO,NO,0,1,4.9,NO,NO,NO,NO,NO,NO,NO,NO,0,0,0,2,0,3,NO,0,0,0,2,BENIGN
NO,NO,YES,NO,NO,YES,NO,NO,YES,YES,YES,0,6,5.11,NO,NO,NO,NO,YES,NO,NO,YES,0,1,0,0,0,2,NO,0,0,0,28,BENIGN
YES,NO,NO,NO,NO,NO,NO,NO,NO,YES,YES,0,6,5.25,YES,NO,NO,NO,NO,NO,NO,YES,0,0,0,0,0,0,YES,0,0,0,11,BENIGN
YES,YES,NO,NO,NO,YES,NO,NO,YES,YES,YES,0,7,5.36,NO,NO,NO,YES,NO,NO,NO,YES,0,1,1,2,0,0,YES,0,0,0,3,BENIGN
NO,NO,NO,NO,NO,NO,NO,NO,YES,YES,YES,0,3,5.28,NO,NO,NO,NO,NO,NO,NO,YES,0,0,9,3,0,4,NO,2,0,0,12,BENIGN
YES,YES,YES,NO,NO,YES,NO,NO,YES,YES,YES,0,13,4.74,YES,NO,NO,YES,YES,YES,NO,YES,0,0,0,0,0,0,NO,0,0,1,7,BENIGN
NO,NO,NO,NO,NO,NO,NO,NO,NO,NO,NO,0,2,4.63,NO,NO,NO,NO,NO,NO,NO,NO,0,0,0,0,0,0,NO,0,0,0,0,BENIGN
NO,NO,NO,NO,NO,NO,YES,NO,YES,YES,NO,0,7,5.13,NO,NO,NO,NO,YES,NO,NO,YES,0,0,0,5,0,7,NO,0,0,0,3,BENIGN
NO,NO,NO,NO,NO,NO,NO,NO,YES,YES,NO,0,1,5.41,NO,NO,NO,NO,NO,NO,NO,YES,0,0,6,1,0,0,NO,0,0,0,3,BENIGN
NO,NO,NO,NO,NO,NO,NO,NO,NO,NO,NO,0,0,5.36,NO,NO,NO,NO,NO,NO,NO,NO,0,0,0,1,0,0,YES,0,0,0,5,BENIGN
NO,NO,NO,NO,NO,NO,NO,NO,YES,NO,NO,0,3,5.5,NO,NO,NO,NO,NO,NO,NO,NO,0,4,0,8,0,0,YES,0,1,0,25,BENIGN
NO,YES,NO,NO,NO,NO,NO,NO,YES,YES,YES,2,2,5.37,NO,NO,NO,NO,NO,NO,NO,YES,0,0,0,0,0,0,YES,0,0,0,5,BENIGN
YES,NO,NO,NO,NO,NO,NO,NO,NO,YES,YES,0,5,5.28,NO,NO,NO,NO,NO,NO,NO,YES,0,0,0,0,0,0,YES,0,0,0,4,BENIGN
YES,NO,NO,NO,NO,NO,NO,NO,YES,YES,YES,0,5,5.34,YES,NO,NO,NO,NO,NO,NO,YES,0,1,10,4,0,0,NO,0,6,0,27,BENIGN
YES,NO,NO,NO,NO,YES,NO,NO,YES,YES,NO,0,8,5.46,YES,NO,NO,NO,NO,NO,NO,NO,0,0,1,0,0,0,YES,0,0,0,17,BENIGN
NO,NO,NO,NO,NO,NO,NO,NO,YES,YES,YES,0,4,4.97,NO,NO,NO,NO,NO,NO,NO,YES,0,0,1,0,0,0,YES,0,0,0,22,BENIGN
NO,NO,NO,NO,NO,NO,NO,NO,NO,YES,NO,0,1,5.0,NO,NO,NO,NO,YES,NO,NO,NO,0,0,0,0,0,0,NO,0,0,0,2,BENIGN
NO,NO,NO,NO,NO,NO,NO,NO,YES,YES,NO,0,3,4.74,NO,NO,NO,NO,YES,NO,NO,NO,0,0,0,5,0,0,NO,0,0,0,12,BENIGN
NO,NO,NO,NO,NO,NO,NO,NO,YES,YES,YES,0,2,5.35,NO,NO,NO,NO,NO,NO,NO,NO,0,0,2,1,0,0,YES,0,1,0,12,BENIGN
NO,NO,NO,NO,NO,YES,NO,NO,NO,YES,NO,0,2,5.36,NO,NO,NO,NO,NO,NO,NO,NO,0,0,1,0,0,8,YES,0,0,0,5,BENIGN
NO,NO,NO,NO,NO,NO,NO,NO,NO,NO,NO,0,0,5.38,NO,NO,NO,NO,NO,NO,NO,NO,0,0,2,0,0,0,NO,0,1,0,12,BENIGN
NO,NO,NO,NO,NO,YES,NO,NO,NO,YES,YES,0,3,4.36,NO,NO,NO,NO,YES,NO,NO,YES,0,0,0,1,0,0,YES,0,2,0,1,BENIGN
YES,YES,NO,NO,NO,NO,NO,NO,YES,YES,YES,0,4,5.0,YES,NO,NO,NO,NO,NO,NO,YES,0,0,0,2,0,0,YES,2,0,0,93,BENIGN
YES,YES,YES,NO,NO,YES,NO,NO,YES,YES,YES,0,6,4.74,NO,NO,NO,NO,NO,NO,NO,YES,0,0,0,7,0,1,NO,8,0,0,6,BENIGN
NO,NO,NO,NO,NO,NO,NO,NO,YES,YES,YES,0,1,4.83,NO,NO,NO,NO,NO,NO,NO,NO,0,0,0,0,0,0,YES,0,0,0,3,BENIGN
NO,NO,YES,NO,NO,NO,NO,NO,NO,YES,NO,0,8,4.48,NO,NO,NO,NO,YES,NO,NO,YES,0,4,0,5,0,0,NO,2,0,0,9,BENIGN
YES,NO,YES,NO,NO,YES,NO,NO,YES,YES,YES,0,7,5.37,YES,NO,NO,NO,NO,NO,NO,YES,0,0,0,1,0,0,YES,1,0,0,9,BENIGN
NO,NO,NO,NO,NO,NO,NO,NO,YES,YES,NO,0,2,5.1,NO,NO,NO,NO,NO,NO,NO,YES,0,0,0,0,0,0,NO,0,0,0,13,BENIGN
NO,NO,NO,NO,NO,NO,NO,NO,YES,YES,NO,3,2,5.01,NO,NO,NO,NO,NO,YES,NO,NO,0,0,0,3,0,0,NO,0,0,0,3,BENIGN
NO,NO,NO,NO,NO,NO,NO,NO,NO,NO,YES,0,0,5.29,NO,NO,NO,NO,NO,NO,NO,NO,0,0,0,0,0,0,YES,0,0,0,0,BENIGN
NO,NO,NO,NO,NO,NO,NO,NO,NO,YES,NO,0,1,4.8,NO,NO,NO,NO,NO,NO,NO,NO,0,0,0,0,0,2,NO,0,0,0,0,BENIGN
NO,NO,NO,NO,NO,NO,NO,NO,YES,YES,YES,0,1,5.36,NO,NO,NO,NO,NO,NO,NO,YES,0,0,0,0,0,0,YES,0,0,0,0,BENIGN
NO,NO,NO,NO,NO,NO,NO,NO,YES,YES,NO,0,4,4.94,NO,NO,YES,NO,NO,NO,NO,NO,0,0,0,1,0,0,NO,0,0,0,1,BENIGN
NO,YES,NO,NO,NO,YES,NO,NO,YES,YES,YES,0,5,5.49,NO,NO,NO,NO,NO,NO,NO,YES,0,1,5,0,0,0,NO,2,0,0,5,BENIGN
NO,NO,NO,NO,NO,NO,NO,NO,NO,YES,NO,0,0,5.08,NO,NO,NO,NO,NO,NO,NO,NO,0,0,1,0,0,1,YES,0,0,0,15,BENIGN
YES,YES,NO,NO,NO,NO,NO,NO,NO,YES,NO,0,5,5.38,YES,NO,YES,NO,NO,YES,NO,NO,0,0,0,0,0,0,YES,0,0,0,2,BENIGN
YES,YES,NO,NO,NO,YES,NO,NO,YES,YES,YES,0,8,5.35,YES,NO,YES,NO,YES,NO,NO,YES,0,0,0,9,0,0,YES,0,0,0,11,BENIGN
NO,NO,YES,NO,NO,YES,NO,NO,YES,YES,NO,0,7,5.03,NO,NO,NO,NO,YES,NO,NO,NO,1,0,0,1,0,3,YES,10,0,0,6,BENIGN
NO,NO,NO,NO,NO,YES,NO,NO,YES,YES,YES,0,2,4.54,NO,NO,NO,NO,NO,NO,NO,NO,0,0,0,0,0,0,YES,0,0,0,0,BENIGN
NO,NO,NO,NO,NO,YES,NO,NO,NO,YES,YES,0,3,5.44,NO,NO,NO,NO,NO,NO,NO,NO,0,0,0,2,0,0,YES,0,0,0,10,BENIGN
NO,NO,NO,NO,NO,NO,NO,NO,NO,YES,YES,0,3,5.35,NO,NO,NO,NO,NO,NO,NO,NO,0,0,1,4,0,0,YES,0,0,0,4,BENIGN
NO,NO,NO,NO,NO,NO,NO,NO,YES,YES,YES,0,2,3.65,NO,NO,NO,NO,YES,NO,NO,YES,0,1,0,4,0,0,YES,3,0,0,7,BENIGN
YES,NO,NO,NO,NO,YES,NO,NO,YES,YES,YES,0,6,5.18,NO,NO,NO,NO,NO,NO,NO,NO,0,0,0,0,0,0,NO,0,0,0,1,BENIGN
NO,NO,YES,NO,NO,NO,NO,NO,YES,NO,NO,0,5,5.4,NO,NO,NO,NO,NO,NO,NO,YES,0,0,0,1,0,0,YES,2,0,0,8,BENIGN
NO,NO,NO,NO,NO,YES,NO,NO,YES,YES,YES,0,4,5.39,NO,NO,NO,NO,NO,NO,NO,NO,0,2,0,4,0,0,NO,3,0,0,6,BENIGN
NO,NO,NO,NO,NO,YES,NO,NO,NO,YES,YES,0,1,5.1,NO,NO,NO,NO,NO,NO,NO,NO,0,1,0,0,0,0,NO,0,0,0,33,BENIGN
YES,NO,NO,NO,YES,YES,NO,NO,YES,YES,YES,0,76,5.41,YES,NO,NO,NO,YES,NO,NO,YES,13,0,2,0,0,0,YES,0,0,0,2,BENIGN
NO,NO,NO,NO,NO,NO,NO,NO,YES,YES,YES,0,4,5.37,NO,NO,NO,NO,NO,NO,NO,YES,0,0,2,1,0,0,YES,0,0,0,15,BENIGN
YES,YES,NO,NO,NO,YES,NO,NO,YES,YES,YES,0,7,5.44,YES,NO,NO,YES,YES,NO,NO,YES,0,0,3,3,0,7,NO,0,0,0,16,BENIGN
NO,NO,NO,NO,NO,NO,NO,NO,YES,YES,NO,0,3,5.2,NO,YES,NO,NO,NO,NO,NO,NO,0,0,3,0,0,1,YES,0,0,0,5,BENIGN
NO,NO,NO,NO,NO,NO,NO,NO,YES,YES,YES,0,3,5.23,NO,NO,NO,NO,YES,NO,NO,NO,0,0,1,0,0,0,NO,0,0,0,4,BENIGN
NO,NO,NO,NO,NO,NO,NO,NO,YES,NO,NO,0,1,4.99,NO,NO,NO,NO,NO,NO,NO,NO,0,0,0,0,0,0,YES,0,0,0,0,BENIGN
YES,NO,NO,NO,NO,NO,NO,NO,YES,YES,NO,0,5,5.34,YES,NO,NO,NO,NO,NO,NO,NO,0,0,0,0,0,0,NO,0,0,0,7,BENIGN
NO,YES,NO,NO,NO,YES,NO,NO,YES,YES,NO,0,8,5.28,NO,NO,NO,NO,YES,NO,NO,NO,0,2,1,0,0,1,YES,0,0,0,11,BENIGN
NO,NO,NO,NO,NO,NO,NO,NO,YES,YES,YES,0,3,5.35,NO,NO,NO,NO,NO,NO,NO,YES,0,0,2,2,0,0,YES,0,0,0,14,BENIGN
NO,NO,NO,NO,YES,YES,NO,NO,YES,YES,NO,0,3,4.79,NO,NO,NO,NO,NO,NO,NO,NO,0,0,0,0,0,0,NO,0,0,0,0,BENIGN
NO,NO,YES,NO,NO,NO,NO,NO,YES,YES,YES,0,3,5.51,NO,NO,NO,NO,NO,NO,NO,YES,0,0,0,3,0,3,YES,5,0,0,3,BENIGN
NO,NO,NO,NO,NO,YES,NO,NO,YES,YES,YES,0,4,5.34,NO,NO,NO,NO,NO,NO,NO,YES,0,0,0,0,0,0,YES,2,0,0,2,BENIGN
NO,NO,NO,NO,NO,NO,NO,NO,NO,YES,NO,0,0,5.31,NO,NO,NO,NO,NO,NO,NO,NO,0,0,0,0,0,0,YES,0,0,0,2,BENIGN
NO,NO,NO,NO,NO,NO,NO,NO,YES,YES,YES,0,1,4.62,NO,NO,NO,NO,NO,NO,NO,NO,0,0,0,1,0,0,NO,0,0,0,0,BENIGN
NO,NO,NO,NO,NO,NO,NO,NO,NO,NO,NO,0,0,4.81,NO,NO,NO,NO,NO,NO,NO,NO,0,0,0,0,0,0,YES,0,0,0,0,BENIGN
NO,NO,NO,NO,NO,NO,NO,NO,YES,NO,NO,0,1,4.95,NO,NO,NO,NO,NO,NO,NO,NO,0,0,1,0,0,0,YES,0,0,0,12,BENIGN
NO,NO,NO,NO,NO,NO,NO,NO,NO,YES,NO,0,1,5.44,NO,NO,NO,NO,NO,NO,NO,NO,0,0,0,2,0,0,NO,0,0,0,7,BENIGN
YES,NO,NO,NO,YES,YES,NO,NO,YES,YES,YES,0,7,5.38,YES,NO,NO,NO,NO,NO,NO,YES,0,0,1,2,0,6,YES,0,0,0,3,BENIGN
NO,NO,NO,NO,NO,YES,NO,NO,YES,YES,NO,0,10,5.37,NO,NO,NO,NO,YES,NO,NO,YES,0,0,0,3,0,0,NO,0,0,0,0,BENIGN
NO,NO,YES,NO,NO,YES,NO,NO,YES,YES,YES,0,7,5.2,NO,NO,NO,NO,NO,NO,NO,YES,0,0,1,0,0,0,NO,0,0,0,5,BENIGN
NO,NO,NO,NO,NO,NO,NO,NO,YES,YES,YES,0,5,5.63,NO,NO,NO,NO,YES,NO,NO,NO,0,0,0,1,0,1,YES,0,1,0,7,BENIGN
NO,YES,YES,NO,NO,NO,NO,NO,YES,YES,YES,0,5,4.93,NO,NO,NO,YES,NO,NO,NO,NO,0,0,0,0,0,0,YES,0,0,0,0,BENIGN
NO,NO,NO,NO,NO,NO,NO,NO,YES,NO,YES,0,3,5.41,NO,NO,NO,NO,NO,NO,NO,NO,0,0,0,0,0,1,YES,0,0,0,9,BENIGN
NO,NO,NO,NO,NO,YES,NO,NO,YES,YES,YES,0,5,4.89,NO,NO,NO,YES,YES,NO,NO,NO,0,0,0,0,0,0,YES,0,0,0,17,BENIGN
NO,NO,NO,NO,NO,NO,NO,NO,NO,YES,YES,0,0,5.4,NO,NO,NO,NO,NO,NO,NO,NO,0,0,0,0,0,0,YES,0,0,0,2,BENIGN
YES,YES,NO,NO,NO,NO,NO,NO,YES,YES,YES,0,8,5.32,YES,NO,YES,NO,NO,NO,NO,YES,0,0,4,4,0,1,NO,0,0,0,11,BENIGN
NO,NO,NO,NO,NO,NO,NO,NO,YES,YES,YES,0,2,5.18,NO,NO,NO,NO,NO,NO,NO,NO,0,0,0,0,0,0,YES,0,0,0,1,BENIGN
NO,NO,NO,NO,NO,NO,NO,NO,YES,YES,YES,0,2,5.53,NO,NO,NO,NO,NO,NO,NO,YES,0,0,0,0,0,1,YES,0,0,0,3,BENIGN
NO,NO,NO,NO,NO,NO,NO,NO,NO,YES,NO,0,3,5.37,NO,NO,NO,NO,YES,NO,NO,YES,0,0,1,2,0,0,YES,0,0,0,7,BENIGN
YES,YES,YES,NO,NO,YES,NO,NO,NO,YES,YES,0,5,5.33,NO,NO,NO,NO,NO,NO,NO,NO,2,1,6,1,0,1,NO,5,0,0,6,BENIGN
NO,NO,NO,NO,NO,NO,NO,NO,YES,YES,NO,0,1,5.28,NO,NO,NO,NO,NO,NO,NO,NO,0,0,0,0,0,0,NO,0,0,0,2,BENIGN
NO,NO,NO,NO,NO,NO,NO,NO,YES,YES,YES,0,3,5.37,NO,NO,NO,NO,NO,NO,NO,YES,0,0,0,0,0,0,YES,0,0,0,2,BENIGN
NO,NO,NO,NO,NO,NO,NO,NO,NO,NO,YES,0,0,5.31,NO,NO,NO,NO,NO,NO,NO,YES,0,0,0,0,0,0,YES,0,0,0,4,BENIGN
NO,NO,NO,NO,NO,NO,NO,NO,NO,YES,NO,0,1,5.4,NO,NO,NO,NO,NO,NO,NO,NO,0,0,1,0,0,0,YES,0,0,0,2,BENIGN
YES,NO,YES,NO,NO,YES,YES,NO,YES,YES,YES,0,14,5.8,YES,NO,YES,YES,YES,NO,NO,YES,0,0,0,1,0,3,YES,5,17,0,21,BENIGN
NO,NO,NO,NO,NO,YES,NO,NO,YES,YES,YES,0,2,5.3,NO,NO,NO,NO,NO,NO,NO,NO,0,0,0,3,1,0,NO,0,0,0,5,BENIGN
NO,NO,NO,NO,NO,NO,NO,NO,YES,NO,YES,0,1,5.12,NO,NO,NO,NO,NO,NO,NO,NO,0,0,0,0,0,0,YES,0,0,0,0,BENIGN
NO,NO,NO,NO,NO,NO,NO,NO,YES,YES,YES,0,93,5.18,NO,NO,NO,NO,NO,NO,NO,YES,0,1,0,1,0,2,YES,0,0,0,9,BENIGN
NO,YES,NO,NO,NO,YES,NO,NO,YES,YES,YES,0,5,4.95,NO,NO,NO,NO,NO,NO,NO,YES,0,0,0,11,0,0,YES,2,0,0,8,BENIGN
NO,YES,NO,NO,NO,NO,NO,NO,YES,NO,YES,0,2,5.28,NO,NO,NO,NO,NO,NO,NO,YES,9,0,2,0,0,0,YES,0,0,0,2,BENIGN
NO,NO,NO,NO,NO,NO,NO,NO,NO,YES,NO,0,3,4.88,NO,NO,NO,NO,NO,NO,NO,YES,0,0,0,2,0,1,YES,0,0,0,3,BENIGN
NO,NO,NO,NO,NO,NO,NO,NO,NO,YES,NO,0,2,5.29,NO,YES,NO,NO,NO,NO,NO,YES,0,0,0,0,0,1,YES,0,0,0,1,BENIGN
NO,NO,NO,NO,NO,NO,NO,NO,YES,NO,YES,0,1,4.36,NO,NO,NO,NO,NO,NO,NO,NO,0,0,0,1,0,0,YES,0,4,0,0,BENIGN
NO,NO,NO,NO,NO,NO,NO,NO,YES,YES,YES,0,5,5.39,NO,NO,NO,NO,NO,NO,NO,YES,0,0,0,5,0,4,YES,0,0,0,8,BENIGN
NO,NO,NO,NO,NO,NO,NO,NO,YES,YES,YES,0,2,5.07,NO,NO,NO,NO,NO,NO,NO,YES,0,0,0,0,0,0,NO,0,0,0,1,BENIGN
NO,NO,YES,NO,NO,NO,NO,NO,YES,YES,YES,4,3,5.46,NO,NO,NO,NO,NO,NO,NO,NO,0,0,0,0,0,0,NO,0,0,1,1,BENIGN
NO,NO,NO,NO,NO,NO,NO,NO,NO,YES,NO,0,0,5.41,NO,NO,NO,NO,NO,NO,NO,NO,0,0,0,1,0,0,YES,0,0,0,2,BENIGN
NO,NO,NO,NO,NO,NO,NO,NO,YES,YES,YES,0,4,5.16,NO,NO,NO,NO,NO,NO,NO,YES,0,1,0,0,0,6,YES,0,0,0,8,BENIGN
NO,YES,NO,NO,NO,YES,NO,NO,YES,YES,YES,0,3,4.78,NO,NO,NO,NO,NO,NO,NO,NO,0,0,0,1,0,0,NO,0,0,0,3,BENIGN
NO,NO,NO,NO,YES,NO,NO,NO,YES,YES,YES,0,188,5.46,NO,NO,NO,NO,NO,NO,NO,NO,0,0,0,2,0,0,NO,0,0,0,8,BENIGN
YES,YES,NO,NO,NO,YES,NO,NO,YES,YES,NO,0,6,5.41,YES,NO,NO,NO,YES,NO,NO,NO,0,0,1,1,0,1,YES,0,0,0,3,BENIGN
NO,NO,YES,NO,NO,NO,NO,NO,YES,YES,YES,2,3,5.36,NO,NO,NO,NO,NO,NO,YES,YES,0,0,2,0,0,0,YES,2,0,0,5,BENIGN
NO,NO,NO,NO,NO,NO,NO,NO,NO,NO,YES,0,0,5.54,NO,NO,NO,NO,NO,NO,NO,NO,0,0,0,0,0,0,YES,0,0,0,0,BENIGN
NO,NO,NO,NO,NO,NO,NO,NO,YES,YES,YES,0,1,4.85,NO,NO,NO,NO,NO,NO,NO,YES,0,0,0,0,0,1,NO,0,0,0,1,BENIGN
NO,NO,NO,NO,NO,YES,NO,NO,YES,YES,YES,0,3,5.43,NO,NO,NO,NO,NO,NO,NO,YES,0,0,0,0,0,0,NO,0,0,0,1,BENIGN
NO,NO,NO,NO,NO,NO,NO,NO,YES,YES,NO,0,2,4.91,NO,NO,NO,NO,NO,NO,NO,NO,0,0,2,0,0,0,YES,0,0,0,21,BENIGN
NO,NO,NO,NO,NO,YES,NO,NO,YES,YES,YES,0,5,5.51,NO,NO,NO,NO,NO,NO,NO,YES,0,1,0,2,0,29,YES,0,5,0,7,BENIGN
NO,NO,NO,NO,NO,NO,NO,NO,YES,YES,YES,0,2,5.34,NO,NO,NO,NO,NO,NO,NO,YES,0,3,0,2,0,0,YES,0,0,0,8,BENIGN
NO,NO,NO,NO,NO,NO,NO,NO,NO,NO,NO,0,2,5.44,NO,NO,NO,NO,NO,NO,NO,NO,0,0,0,0,0,0,YES,2,0,0,15,BENIGN
NO,YES,YES,NO,NO,YES,NO,NO,YES,YES,YES,0,9,5.59,NO,NO,NO,NO,YES,NO,NO,YES,0,0,1,0,0,0,YES,0,0,0,12,BENIGN
NO,NO,NO,NO,NO,NO,NO,NO,YES,YES,NO,0,8,4.81,NO,NO,NO,NO,YES,NO,NO,NO,0,0,0,17,0,0,NO,0,0,0,1,BENIGN
NO,NO,NO,NO,NO,NO,NO,NO,NO,NO,YES,0,1,5.23,NO,NO,NO,NO,NO,NO,NO,NO,0,0,0,0,1,0,YES,0,0,0,0,BENIGN
NO,NO,NO,NO,NO,NO,NO,NO,NO,YES,NO,0,1,5.05,NO,NO,NO,NO,NO,NO,NO,NO,0,0,0,0,0,1,NO,0,0,0,0,BENIGN
NO,NO,NO,NO,NO,NO,NO,NO,NO,YES,NO,0,0,5.37,NO,NO,NO,NO,NO,NO,NO,NO,0,0,0,0,0,0,YES,0,0,0,15,BENIGN
NO,NO,NO,NO,NO,NO,NO,NO,YES,YES,NO,0,4,5.62,NO,NO,NO,NO,YES,NO,NO,NO,0,0,0,0,0,0,NO,0,0,0,4,BENIGN
YES,YES,NO,NO,NO,NO,NO,NO,YES,YES,YES,0,5,4.91,YES,NO,NO,NO,NO,NO,NO,NO,0,0,0,4,0,0,NO,0,0,0,5,BENIGN
NO,NO,NO,NO,NO,YES,NO,NO,YES,YES,NO,0,10,5.43,NO,NO,NO,NO,YES,NO,NO,YES,0,0,3,0,0,0,NO,0,0,0,7,BENIGN
NO,NO,NO,NO,NO,YES,YES,NO,NO,YES,NO,0,3,5.4,NO,NO,NO,NO,NO,NO,NO,NO,0,0,2,0,0,0,NO,0,0,0,6,BENIGN
NO,NO,NO,NO,NO,NO,NO,NO,NO,YES,NO,0,2,4.99,NO,NO,NO,NO,NO,NO,NO,NO,0,0,0,2,0,0,NO,0,0,0,7,BENIGN
NO,NO,NO,NO,NO,NO,NO,NO,NO,YES,YES,0,2,5.41,NO,NO,NO,NO,NO,NO,NO,NO,0,1,0,1,0,0,NO,0,0,0,1,BENIGN
NO,NO,NO,NO,NO,YES,NO,NO,YES,YES,NO,0,3,5.13,NO,NO,NO,NO,YES,NO,NO,NO,0,0,0,0,0,0,NO,0,0,0,9,BENIGN
NO,NO,NO,NO,NO,NO,NO,NO,YES,YES,YES,0,6,5.37,NO,NO,NO,NO,NO,NO,NO,YES,0,0,2,2,0,0,YES,0,0,0,15,BENIGN
NO,NO,NO,NO,NO,NO,NO,YES,YES,YES,YES,0,3,5.32,NO,NO,NO,NO,NO,NO,NO,NO,0,1,1,17,1,0,NO,0,0,0,13,BENIGN
NO,NO,YES,NO,NO,NO,NO,NO,NO,NO,YES,0,3,5.2,NO,NO,NO,NO,NO,NO,NO,YES,1,0,5,2,0,0,NO,0,0,1,10,BENIGN
YES,NO,NO,NO,NO,NO,NO,NO,NO,YES,NO,0,4,5.29,YES,NO,NO,NO,NO,NO,NO,NO,0,0,1,0,0,0,YES,2,0,0,6,BENIGN
NO,YES,YES,NO,NO,NO,NO,NO,YES,YES,NO,0,7,5.43,NO,NO,NO,NO,NO,NO,NO,NO,0,1,0,0,1,3,YES,0,0,0,4,BENIGN
NO,NO,NO,NO,NO,YES,NO,NO,YES,YES,NO,0,5,4.93,NO,NO,NO,NO,NO,NO,NO,NO,0,0,0,0,0,0,NO,0,2,0,5,BENIGN
NO,NO,NO,NO,NO,NO,NO,NO,YES,YES,YES,0,3,5.36,NO,NO,NO,NO,NO,NO,NO,YES,0,0,2,2,0,0,YES,0,0,0,15,BENIGN
NO,NO,NO,NO,NO,YES,NO,NO,YES,YES,NO,0,4,5.17,NO,NO,NO,NO,NO,NO,NO,NO,0,0,0,2,0,8,YES,0,1,0,1,BENIGN
NO,NO,NO,NO,NO,NO,NO,NO,YES,YES,YES,0,3,5.46,NO,NO,NO,NO,YES,NO,NO,YES,0,0,0,0,0,2,YES,0,0,4,2,BENIGN
YES,YES,NO,NO,NO,NO,NO,NO,NO,YES,YES,0,4,5.44,YES,NO,NO,NO,NO,NO,NO,YES,0,0,0,2,0,0,NO,0,0,0,3,BENIGN
NO,NO,NO,NO,NO,NO,NO,NO,NO,NO,NO,0,0,4.93,NO,NO,NO,NO,NO,NO,NO,NO,0,0,0,0,0,0,YES,0,0,0,0,BENIGN
YES,NO,NO,NO,NO,NO,NO,NO,YES,YES,YES,0,4,5.99,NO,NO,NO,NO,NO,NO,NO,NO,0,0,0,2,0,0,NO,0,2,0,2,BENIGN
NO,NO,NO,NO,NO,NO,NO,NO,YES,YES,NO,0,4,4.8,NO,NO,NO,NO,YES,NO,NO,NO,0,0,0,0,0,2,NO,0,0,0,3,BENIGN
NO,NO,NO,NO,NO,YES,NO,NO,YES,YES,YES,0,6,4.99,NO,NO,NO,NO,YES,NO,NO,YES,0,0,0,1,0,2,NO,0,0,0,21,BENIGN
NO,NO,NO,NO,NO,NO,NO,NO,NO,YES,NO,0,0,5.22,NO,NO,NO,NO,NO,NO,NO,NO,0,0,1,0,1,0,NO,0,0,0,0,BENIGN
NO,YES,NO,NO,NO,YES,NO,NO,NO,YES,NO,0,6,5.3,NO,NO,NO,NO,YES,NO,NO,YES,0,0,0,0,0,1,YES,0,0,0,2,BENIGN
YES,NO,YES,NO,NO,YES,NO,NO,YES,YES,YES,0,9,5.29,YES,NO,NO,NO,NO,NO,NO,NO,3,0,1,156,0,2,NO,3,0,0,111,BENIGN
NO,NO,NO,NO,NO,NO,NO,YES,YES,YES,NO,0,3,5.37,NO,NO,NO,NO,NO,NO,NO,NO,0,0,0,0,0,0,YES,0,0,0,0,BENIGN
YES,YES,YES,NO,NO,YES,YES,NO,YES,YES,YES,0,8,5.43,YES,NO,NO,NO,NO,NO,NO,NO,0,0,5,0,0,0,NO,2,0,0,11,BENIGN
NO,NO,NO,NO,NO,NO,NO,NO,YES,YES,NO,0,3,5.04,NO,NO,NO,NO,NO,NO,NO,NO,0,0,0,0,0,0,YES,0,0,0,1,BENIGN
NO,NO,NO,NO,NO,NO,NO,NO,YES,YES,NO,0,6,5.28,NO,NO,NO,NO,NO,NO,NO,NO,0,0,0,0,0,0,YES,0,0,0,5,BENIGN
NO,NO,NO,NO,NO,NO,NO,NO,YES,YES,NO,0,1,5.44,NO,NO,NO,NO,NO,NO,NO,NO,0,0,1,0,0,0,YES,0,0,0,0,BENIGN
YES,NO,YES,NO,NO,NO,NO,NO,YES,YES,YES,0,11,5.35,YES,NO,NO,NO,YES,NO,NO,NO,0,0,0,1,0,0,YES,0,0,0,319,BENIGN
YES,NO,NO,NO,NO,YES,NO,NO,YES,YES,YES,0,7,4.69,NO,NO,NO,YES,NO,NO,NO,YES,0,0,0,1,0,4,NO,0,0,1,5,BENIGN
NO,NO,NO,NO,NO,YES,NO,NO,YES,YES,NO,0,3,4.61,NO,NO,NO,NO,NO,NO,NO,NO,0,0,0,0,0,0,NO,0,0,0,0,BENIGN
NO,NO,NO,NO,NO,NO,NO,NO,YES,YES,NO,0,3,5.34,NO,NO,NO,NO,NO,NO,NO,NO,0,0,4,0,0,0,YES,0,0,0,2,BENIGN
NO,NO,NO,NO,NO,NO,NO,NO,YES,YES,NO,0,2,5.2,NO,NO,NO,NO,NO,NO,NO,NO,0,0,0,2,0,0,YES,0,0,0,1,BENIGN
NO,YES,NO,NO,NO,YES,NO,NO,YES,YES,YES,0,4,5.27,NO,NO,NO,NO,YES,NO,NO,NO,0,0,0,0,0,4,NO,0,0,0,22,BENIGN
NO,YES,NO,NO,NO,NO,NO,NO,YES,YES,YES,1,3,5.29,NO,NO,NO,NO,NO,NO,NO,YES,0,0,4,1,0,0,YES,0,0,0,5,BENIGN
NO,NO,NO,NO,NO,YES,NO,NO,YES,YES,YES,0,5,5.66,NO,NO,NO,NO,NO,NO,NO,YES,0,0,1,14,0,2,YES,0,5,0,11,BENIGN
NO,YES,NO,NO,NO,YES,NO,NO,YES,YES,YES,0,6,5.06,NO,NO,NO,NO,NO,NO,NO,NO,8,0,0,0,0,1,YES,0,0,0,16,BENIGN
NO,YES,NO,NO,NO,NO,NO,NO,YES,YES,YES,0,7,5.69,NO,NO,NO,NO,YES,NO,NO,YES,0,0,0,0,0,0,NO,0,0,0,16,BENIGN
NO,NO,NO,NO,NO,NO,NO,NO,YES,YES,YES,0,3,5.1,NO,NO,NO,NO,YES,NO,NO,YES,0,0,0,0,0,1,NO,0,0,0,4,BENIGN
NO,NO,YES,NO,NO,YES,NO,NO,YES,YES,YES,1,4,4.71,NO,NO,NO,NO,YES,NO,NO,YES,0,1,0,6,0,0,YES,1,1,0,10,BENIGN
NO,NO,NO,NO,NO,NO,NO,NO,YES,YES,YES,0,8,5.59,NO,NO,NO,NO,YES,NO,NO,YES,0,0,4,1,0,0,NO,0,0,0,2,BENIGN
NO,YES,NO,NO,NO,YES,NO,NO,YES,YES,NO,0,8,5.01,NO,NO,NO,NO,YES,NO,NO,YES,0,0,0,3,0,0,YES,0,0,0,8,BENIGN
NO,NO,NO,NO,NO,NO,NO,NO,NO,YES,YES,0,3,5.37,NO,NO,NO,NO,NO,NO,NO,NO,0,0,0,4,0,0,YES,2,0,0,9,BENIGN
NO,YES,YES,YES,NO,YES,NO,NO,YES,YES,YES,0,9,4.42,NO,NO,NO,NO,YES,NO,NO,YES,0,0,0,1,0,0,NO,0,0,0,2,BENIGN
NO,NO,YES,NO,NO,NO,NO,NO,NO,YES,YES,0,4,4.96,NO,NO,NO,NO,NO,NO,NO,YES,0,0,0,1,0,0,NO,6,0,0,6,BENIGN
NO,YES,NO,NO,NO,NO,NO,NO,YES,YES,YES,0,4,4.32,NO,NO,NO,NO,NO,NO,NO,YES,0,0,0,1,0,0,YES,0,0,0,3,BENIGN
NO,YES,YES,NO,NO,NO,NO,NO,YES,YES,NO,1,3,4.59,NO,NO,NO,NO,YES,NO,NO,NO,0,0,0,0,0,0,NO,6,0,0,0,BENIGN
YES,YES,NO,NO,NO,YES,NO,NO,YES,YES,YES,0,7,5.36,YES,NO,NO,YES,YES,NO,NO,NO,0,0,0,3,0,1,YES,0,0,0,3,BENIGN
NO,YES,NO,NO,NO,YES,NO,NO,YES,YES,YES,0,4,5.42,NO,NO,NO,NO,NO,NO,NO,YES,0,0,2,0,0,0,NO,0,8,0,1,BENIGN
YES,NO,NO,NO,NO,NO,NO,NO,YES,YES,NO,0,5,5.4,YES,NO,NO,NO,NO,NO,NO,NO,5,0,3,0,0,0,YES,0,0,0,4,BENIGN
NO,NO,NO,NO,NO,YES,NO,NO,YES,YES,YES,7,4,5.33,NO,NO,NO,NO,NO,NO,NO,NO,0,0,0,6,0,0,NO,0,0,0,10,BENIGN
NO,NO,NO,NO,NO,NO,NO,NO,NO,YES,YES,0,3,5.77,NO,NO,NO,NO,NO,NO,NO,NO,0,0,2,0,0,0,NO,0,0,0,4,BENIGN
NO,NO,NO,NO,NO,NO,NO,NO,YES,NO,NO,0,2,5.39,NO,NO,NO,NO,NO,NO,NO,NO,0,0,0,7,0,0,YES,0,0,0,1,BENIGN
NO,NO,NO,NO,NO,NO,NO,NO,NO,YES,YES,0,4,4.92,NO,NO,NO,NO,NO,NO,NO,YES,0,0,0,0,0,0,NO,0,0,0,0,BENIGN
NO,NO,NO,NO,NO,YES,NO,NO,YES,YES,NO,0,4,5.33,NO,NO,NO,NO,YES,NO,NO,NO,0,0,2,2,0,0,YES,0,0,0,5,BENIGN
NO,YES,NO,NO,NO,NO,NO,NO,NO,NO,NO,0,2,4.68,NO,NO,NO,NO,NO,NO,NO,NO,0,0,0,2,0,0,NO,0,0,0,1,BENIGN
NO,NO,NO,NO,NO,NO,NO,NO,NO,YES,NO,0,1,4.73,NO,NO,NO,NO,YES,NO,NO,NO,0,0,0,0,0,0,NO,0,0,0,1,BENIGN
YES,YES,NO,NO,NO,NO,NO,NO,YES,YES,YES,0,7,5.47,YES,NO,NO,NO,NO,YES,NO,NO,0,0,0,0,0,0,YES,0,2,0,7,BENIGN
NO,NO,NO,NO,NO,NO,NO,NO,YES,YES,YES,0,2,5.42,NO,NO,NO,NO,NO,NO,NO,YES,0,1,5,0,0,0,NO,3,0,4,4,BENIGN
NO,NO,NO,NO,NO,NO,NO,NO,NO,YES,NO,0,1,4.64,NO,NO,NO,NO,NO,NO,NO,NO,0,0,0,0,0,0,NO,0,0,0,1,BENIGN
NO,NO,NO,NO,NO,NO,NO,NO,NO,NO,NO,0,0,5.43,NO,NO,NO,NO,NO,NO,NO,NO,0,0,1,0,0,0,YES,0,0,0,0,BENIGN
NO,YES,NO,NO,NO,YES,NO,NO,YES,YES,YES,0,7,5.04,NO,NO,NO,NO,YES,NO,NO,YES,0,0,0,11,0,1,NO,0,0,0,14,BENIGN
NO,YES,NO,NO,NO,YES,NO,NO,NO,YES,YES,0,6,5.0,NO,NO,NO,NO,NO,NO,NO,YES,0,0,0,1,0,1,YES,0,0,0,10,BENIGN
YES,YES,NO,NO,NO,NO,NO,NO,NO,YES,YES,0,2,5.28,NO,NO,NO,NO,NO,NO,NO,NO,0,0,0,0,0,0,YES,0,1,0,7,BENIGN
NO,NO,NO,NO,NO,NO,NO,NO,YES,YES,YES,0,4,5.36,NO,NO,NO,NO,NO,NO,NO,YES,0,0,2,2,0,0,YES,0,0,0,15,BENIGN
NO,NO,NO,NO,NO,NO,NO,NO,YES,YES,YES,0,4,5.42,NO,NO,NO,NO,NO,NO,NO,YES,1,0,0,0,0,0,NO,0,1,0,4,BENIGN
NO,NO,NO,NO,NO,YES,NO,NO,YES,YES,YES,0,4,5.35,NO,NO,NO,NO,YES,NO,NO,YES,0,0,1,0,0,0,YES,0,0,0,4,BENIGN
NO,NO,NO,NO,NO,NO,NO,NO,NO,YES,NO,0,2,4.94,NO,NO,NO,NO,NO,NO,NO,NO,2,0,0,3,0,0,YES,0,0,0,7,BENIGN
NO,NO,NO,NO,NO,NO,NO,NO,YES,YES,YES,0,5,5.13,NO,NO,NO,NO,NO,NO,NO,YES,0,0,0,3,0,0,NO,0,0,0,2,BENIGN
NO,YES,NO,NO,NO,YES,NO,NO,YES,YES,YES,0,4,5.41,NO,NO,NO,YES,NO,NO,NO,YES,0,0,0,0,0,0,NO,0,0,0,3,BENIGN
NO,NO,NO,NO,NO,NO,NO,NO,NO,NO,YES,0,0,4.94,NO,NO,NO,NO,NO,NO,NO,NO,0,0,0,0,0,0,NO,0,0,0,1,BENIGN
NO,NO,NO,NO,NO,NO,NO,NO,YES,NO,NO,0,2,5.25,NO,NO,NO,NO,NO,NO,NO,NO,0,0,0,3,0,0,NO,0,0,0,3,BENIGN
NO,NO,NO,NO,NO,YES,NO,NO,NO,YES,YES,0,4,5.19,NO,NO,NO,NO,YES,NO,NO,NO,0,0,0,0,0,1,NO,0,0,0,1,BENIGN
NO,NO,NO,NO,NO,NO,NO,NO,NO,NO,NO,0,0,5.27,NO,NO,NO,NO,NO,NO,NO,YES,0,0,0,2,0,0,NO,5,0,0,24,BENIGN
NO,NO,NO,NO,NO,NO,NO,NO,NO,NO,YES,0,0,4.74,NO,NO,NO,NO,NO,NO,NO,NO,0,0,0,0,0,0,NO,0,0,0,0,BENIGN
NO,NO,NO,NO,NO,NO,NO,NO,YES,YES,NO,0,8,5.29,NO,NO,NO,NO,NO,NO,NO,YES,0,0,0,0,0,0,NO,0,0,0,3,BENIGN
NO,NO,NO,NO,NO,NO,NO,NO,YES,NO,NO,0,1,5.32,NO,NO,NO,NO,NO,NO,NO,NO,0,0,0,0,0,0,NO,0,0,0,5,BENIGN
YES,NO,NO,NO,NO,YES,NO,NO,YES,YES,YES,0,7,5.31,YES,NO,NO,NO,NO,NO,NO,NO,0,1,0,1,0,0,YES,0,0,0,17,BENIGN
NO,YES,NO,NO,NO,NO,NO,NO,YES,YES,YES,0,3,4.34,NO,NO,NO,NO,YES,NO,NO,YES,0,0,0,1,0,2,YES,0,0,0,3,BENIGN
NO,NO,NO,NO,NO,YES,NO,NO,NO,YES,NO,0,8,5.41,NO,NO,NO,NO,YES,NO,NO,NO,0,0,0,1,0,0,YES,0,0,0,3,BENIGN
NO,NO,NO,NO,NO,NO,NO,NO,YES,YES,YES,0,4,5.2,NO,NO,NO,NO,YES,NO,NO,YES,0,0,1,0,0,0,NO,0,0,0,16,BENIGN
NO,NO,NO,NO,NO,YES,NO,NO,YES,YES,YES,0,5,5.29,NO,NO,NO,NO,YES,NO,NO,YES,0,2,1,4,0,2,NO,0,0,0,9,BENIGN
NO,NO,NO,NO,NO,NO,NO,NO,NO,YES,YES,0,1,5.43,NO,NO,NO,NO,NO,NO,NO,NO,0,0,0,0,0,0,YES,0,0,0,1,BENIGN
YES,YES,NO,NO,NO,NO,NO,NO,YES,YES,YES,0,4,5.18,YES,NO,NO,NO,NO,NO,NO,YES,0,0,0,0,0,0,NO,0,0,0,0,BENIGN
NO,NO,YES,NO,NO,NO,NO,NO,NO,YES,YES,0,4,5.26,NO,NO,NO,NO,NO,NO,NO,YES,0,0,0,0,0,0,YES,0,1,0,86,BENIGN
NO,NO,YES,NO,NO,YES,NO,NO,YES,YES,YES,0,3,4.35,NO,NO,NO,NO,NO,NO,NO,NO,0,0,0,0,0,0,NO,0,0,0,0,BENIGN
YES,YES,NO,NO,NO,YES,NO,NO,YES,YES,YES,0,13,5.54,YES,NO,NO,YES,NO,NO,NO,YES,5,0,0,11,0,0,NO,0,4,0,11,BENIGN
NO,NO,NO,NO,NO,NO,NO,NO,NO,YES,YES,0,2,5.31,NO,NO,NO,NO,NO,NO,NO,NO,0,0,0,0,0,0,YES,0,0,0,0,BENIGN
YES,YES,NO,NO,NO,YES,NO,NO,YES,YES,YES,0,9,4.88,YES,NO,NO,YES,YES,NO,NO,NO,0,0,0,1,0,0,YES,0,0,0,14,BENIGN
NO,NO,NO,NO,NO,YES,NO,NO,NO,NO,NO,0,1,0.0,NO,NO,NO,NO,NO,NO,NO,NO,0,0,0,0,0,0,NO,0,0,0,0,BENIGN
NO,NO,NO,NO,NO,NO,NO,NO,YES,YES,YES,0,4,4.78,NO,NO,NO,NO,NO,NO,NO,NO,0,0,0,0,0,0,NO,0,0,0,0,BENIGN
NO,NO,NO,YES,NO,NO,NO,NO,YES,YES,YES,0,4,5.42,NO,NO,NO,NO,NO,NO,NO,YES,0,0,0,1,0,0,YES,0,0,0,5,BENIGN
YES,YES,NO,NO,NO,NO,NO,NO,YES,YES,YES,0,6,5.05,YES,NO,NO,NO,NO,YES,NO,NO,0,0,0,1,0,2,NO,0,0,0,15,BENIGN
NO,NO,NO,NO,NO,NO,NO,NO,NO,NO,NO,0,1,5.48,NO,NO,NO,NO,NO,NO,NO,NO,0,0,0,3,0,0,YES,0,0,0,2,BENIGN
NO,YES,NO,NO,NO,NO,NO,NO,NO,YES,YES,0,1,5.54,NO,NO,NO,NO,NO,NO,NO,NO,0,0,1,0,0,5,YES,0,0,0,3,BENIGN
NO,NO,NO,NO,NO,NO,NO,NO,YES,YES,NO,0,4,5.38,NO,NO,NO,NO,NO,NO,NO,NO,0,1,1,2,0,0,NO,2,0,0,2,BENIGN
NO,NO,NO,NO,NO,YES,NO,NO,YES,YES,NO,0,6,5.61,NO,NO,NO,NO,YES,NO,NO,YES,0,0,0,0,0,0,NO,0,1,0,3,BENIGN
NO,NO,NO,NO,NO,NO,NO,NO,YES,YES,YES,0,2,5.46,NO,NO,NO,NO,YES,NO,NO,YES,0,0,2,0,0,0,YES,0,4,0,3,BENIGN
NO,YES,NO,NO,NO,YES,NO,NO,NO,YES,YES,0,3,4.71,NO,NO,NO,NO,YES,NO,NO,YES,0,0,0,0,0,2,NO,0,0,0,12,BENIGN
NO,NO,NO,NO,NO,YES,NO,NO,NO,YES,NO,0,1,5.3,NO,NO,NO,NO,NO,NO,NO,NO,0,0,0,0,0,0,YES,0,0,0,0,BENIGN
NO,NO,NO,NO,NO,YES,NO,NO,NO,YES,YES,0,6,4.73,NO,NO,NO,NO,YES,NO,NO,YES,0,0,0,1,0,1,YES,0,6,0,11,BENIGN
NO,NO,NO,NO,NO,NO,NO,NO,NO,YES,YES,0,2,4.66,NO,NO,NO,NO,NO,NO,NO,YES,0,0,3,7,0,0,NO,0,0,0,17,BENIGN
NO,NO,NO,NO,NO,NO,NO,NO,NO,YES,YES,0,2,5.31,NO,NO,NO,NO,NO,NO,NO,NO,0,0,2,0,0,0,YES,0,0,0,8,BENIGN
NO,NO,NO,NO,NO,YES,NO,NO,YES,YES,YES,0,6,5.57,NO,NO,NO,NO,YES,NO,NO,YES,0,0,0,0,0,0,YES,2,1,0,8,BENIGN
NO,NO,NO,NO,NO,NO,NO,NO,NO,YES,NO,0,0,4.9,NO,NO,NO,NO,NO,NO,NO,NO,0,0,0,3,0,0,NO,0,1,0,5,BENIGN
NO,NO,NO,NO,NO,NO,NO,NO,NO,YES,NO,0,1,5.4,NO,NO,NO,NO,YES,NO,NO,NO,0,0,1,0,0,0,YES,0,0,0,3,BENIGN
NO,NO,NO,NO,NO,YES,NO,NO,YES,YES,YES,0,2,5.35,NO,NO,NO,NO,NO,NO,NO,NO,0,0,2,0,0,0,YES,0,0,0,1,BENIGN
NO,NO,NO,NO,NO,NO,NO,NO,YES,YES,NO,0,4,5.27,NO,NO,NO,NO,NO,NO,NO,NO,0,0,3,0,0,0,YES,0,0,0,13,BENIGN
NO,NO,NO,NO,NO,YES,NO,NO,NO,YES,NO,0,5,4.48,NO,NO,NO,NO,YES,NO,NO,NO,0,0,0,0,0,4,NO,0,0,0,3,BENIGN
NO,NO,NO,NO,NO,NO,NO,NO,YES,YES,YES,0,5,5.34,NO,NO,NO,NO,NO,NO,NO,NO,0,0,0,3,0,0,YES,0,0,0,6,BENIGN
NO,NO,NO,NO,NO,NO,NO,NO,YES,YES,YES,0,5,5.35,NO,NO,NO,NO,NO,NO,NO,YES,1,0,0,0,0,0,YES,2,0,0,5,BENIGN
NO,NO,NO,NO,NO,NO,NO,NO,NO,YES,NO,0,0,5.18,NO,NO,NO,NO,NO,NO,NO,NO,0,0,0,0,0,0,NO,0,0,0,3,BENIGN
NO,YES,NO,NO,NO,NO,NO,NO,YES,YES,YES,0,5,5.4,NO,NO,NO,NO,YES,NO,NO,YES,0,0,0,0,0,2,NO,0,0,0,8,BENIGN
NO,NO,NO,NO,NO,NO,NO,NO,NO,NO,NO,0,0,5.15,NO,NO,NO,NO,NO,NO,NO,NO,0,0,0,0,0,0,NO,0,0,0,1,BENIGN
NO,NO,NO,NO,NO,YES,NO,NO,YES,YES,YES,0,6,4.83,NO,NO,NO,NO,NO,NO,NO,YES,0,2,0,3,0,0,YES,0,0,0,8,BENIGN
NO,NO,NO,NO,NO,NO,NO,NO,YES,YES,YES,0,1,5.38,NO,NO,NO,NO,NO,NO,NO,YES,0,0,0,0,0,0,YES,0,0,0,8,BENIGN
NO,NO,NO,NO,NO,YES,NO,NO,YES,YES,YES,0,7,5.27,NO,NO,NO,NO,NO,NO,NO,YES,2,0,0,1,0,0,YES,0,0,0,4,BENIGN
NO,NO,NO,NO,NO,NO,NO,NO,YES,YES,YES,0,5,4.84,NO,NO,NO,NO,YES,NO,NO,YES,0,0,0,1,0,0,YES,0,0,0,7,BENIGN
NO,NO,NO,NO,NO,NO,NO,NO,NO,NO,NO,0,0,5.37,NO,NO,NO,NO,NO,NO,NO,NO,0,0,1,2,0,0,YES,2,0,0,11,BENIGN
NO,NO,NO,NO,NO,NO,NO,NO,YES,YES,YES,0,1,4.65,NO,NO,NO,NO,NO,NO,NO,NO,0,0,0,0,0,0,NO,0,0,0,1,BENIGN
NO,NO,NO,NO,NO,NO,NO,NO,NO,YES,YES,0,2,5.51,NO,NO,NO,NO,NO,NO,NO,NO,0,0,0,0,0,0,YES,0,1,0,0,BENIGN
YES,YES,YES,NO,NO,YES,NO,NO,YES,YES,YES,0,10,5.46,YES,NO,NO,YES,NO,NO,NO,YES,0,0,1,4,0,0,NO,0,0,0,3,BENIGN
NO,YES,NO,NO,NO,NO,NO,NO,YES,YES,YES,0,7,5.18,NO,NO,NO,NO,YES,NO,NO,YES,0,0,0,0,0,0,YES,0,0,0,13,BENIGN
NO,NO,NO,NO,NO,NO,NO,NO,YES,YES,YES,0,3,5.1,NO,NO,NO,NO,NO,NO,NO,YES,0,0,0,0,0,0,YES,0,0,0,10,BENIGN
NO,NO,NO,NO,NO,NO,NO,NO,NO,YES,NO,0,0,4.81,NO,NO,NO,NO,NO,NO,NO,NO,0,0,0,0,0,0,YES,0,0,0,8,BENIGN
NO,NO,NO,NO,NO,NO,NO,NO,YES,YES,YES,0,3,5.01,NO,NO,NO,NO,NO,NO,NO,YES,0,0,0,1,0,0,NO,0,0,0,15,BENIGN
NO,YES,NO,YES,NO,NO,NO,NO,YES,YES,YES,0,5,4.8,NO,NO,NO,NO,NO,NO,NO,NO,0,1,0,2,0,0,NO,0,0,0,10,BENIGN
NO,NO,NO,NO,NO,YES,NO,YES,NO,YES,YES,0,7,5.44,NO,NO,NO,NO,NO,NO,NO,NO,0,0,0,0,0,0,YES,0,2,0,5,BENIGN
NO,NO,NO,NO,NO,NO,NO,NO,NO,YES,NO,0,2,5.09,NO,NO,NO,NO,NO,NO,NO,YES,0,0,0,0,0,0,YES,0,0,0,17,BENIGN
NO,NO,NO,NO,NO,NO,NO,NO,NO,YES,YES,0,1,5.16,NO,NO,NO,NO,NO,NO,NO,NO,0,0,0,0,0,0,NO,0,0,0,0,BENIGN
NO,NO,NO,NO,NO,YES,NO,NO,NO,NO,NO,0,2,5.06,NO,NO,NO,NO,NO,NO,NO,NO,0,0,0,0,0,0,NO,0,0,0,1,BENIGN
NO,NO,NO,NO,NO,YES,NO,NO,NO,YES,YES,0,3,4.61,NO,NO,NO,NO,NO,NO,NO,YES,0,0,0,0,0,0,YES,0,0,0,7,BENIGN
NO,NO,NO,NO,NO,NO,NO,NO,NO,YES,YES,0,2,5.17,NO,NO,NO,NO,YES,NO,NO,NO,1,0,1,0,0,0,YES,0,0,0,20,BENIGN
NO,YES,YES,NO,NO,NO,NO,NO,YES,YES,YES,0,6,5.4,NO,NO,NO,NO,NO,NO,NO,YES,0,3,0,0,0,0,YES,15,0,0,5,BENIGN
YES,NO,NO,NO,NO,YES,NO,NO,YES,YES,YES,0,25,5.36,YES,NO,NO,NO,NO,NO,NO,NO,0,0,0,0,0,0,YES,0,0,0,5,BENIGN
NO,NO,NO,NO,NO,NO,NO,NO,YES,YES,NO,0,5,5.32,NO,NO,NO,NO,NO,NO,NO,NO,0,0,5,1,0,0,YES,0,0,0,5,BENIGN
NO,NO,NO,NO,NO,NO,NO,NO,NO,YES,NO,0,0,5.49,NO,NO,NO,NO,NO,NO,NO,NO,0,0,1,0,0,0,YES,0,0,0,67,BENIGN
NO,NO,NO,NO,NO,YES,NO,NO,YES,YES,YES,0,7,4.82,NO,NO,NO,NO,YES,NO,NO,NO,0,0,0,3,1,0,NO,0,0,0,2,BENIGN
NO,NO,NO,NO,NO,NO,NO,NO,YES,NO,NO,0,1,5.46,NO,NO,NO,NO,NO,NO,NO,NO,0,0,6,0,0,0,YES,0,4,0,13,BENIGN
NO,NO,NO,NO,NO,NO,NO,NO,YES,YES,NO,0,2,5.6,NO,NO,NO,NO,NO,NO,NO,YES,0,0,0,0,0,3,NO,0,0,4,5,BENIGN
NO,NO,NO,NO,NO,NO,NO,NO,NO,YES,NO,0,1,5.33,NO,NO,NO,NO,NO,NO,NO,NO,45,0,2,0,0,0,YES,0,0,0,6,BENIGN
NO,NO,NO,NO,NO,NO,NO,NO,NO,NO,YES,0,0,4.91,NO,NO,NO,NO,NO,NO,NO,NO,0,0,0,0,0,0,NO,0,0,0,0,BENIGN
NO,YES,NO,NO,NO,YES,NO,YES,YES,YES,NO,0,4,4.86,NO,NO,NO,NO,NO,NO,NO,NO,0,1,0,1,0,2,NO,0,0,0,5,BENIGN
NO,NO,NO,NO,NO,NO,NO,NO,YES,NO,YES,0,1,4.83,NO,NO,NO,NO,NO,NO,NO,YES,0,0,0,0,0,0,YES,0,0,0,2,BENIGN
NO,NO,NO,NO,NO,NO,NO,NO,NO,YES,YES,0,2,5.39,NO,NO,NO,NO,NO,NO,NO,YES,0,0,0,0,0,1,YES,0,0,0,4,BENIGN
NO,NO,NO,NO,NO,YES,NO,NO,NO,YES,NO,0,4,5.39,NO,NO,NO,NO,NO,NO,NO,YES,0,0,0,0,0,6,YES,0,0,0,15,BENIGN
NO,NO,NO,NO,NO,NO,NO,NO,NO,NO,NO,0,2,5.14,NO,YES,NO,NO,NO,NO,NO,NO,0,0,0,2,0,1,YES,0,0,0,6,BENIGN
NO,NO,NO,NO,NO,NO,NO,NO,NO,YES,NO,0,0,5.46,NO,NO,NO,NO,NO,NO,NO,NO,0,0,1,0,0,0,NO,0,0,0,2,BENIGN
NO,NO,NO,NO,NO,NO,NO,NO,NO,YES,NO,0,0,4.98,NO,NO,NO,NO,NO,NO,NO,NO,0,0,0,0,0,0,NO,0,0,0,0,BENIGN
NO,NO,NO,NO,NO,NO,NO,NO,NO,YES,NO,0,1,5.3,NO,NO,NO,NO,NO,NO,NO,YES,0,0,0,1,0,0,YES,0,0,0,8,BENIGN
NO,NO,NO,NO,NO,NO,NO,NO,YES,YES,NO,0,3,5.25,NO,NO,NO,NO,YES,NO,NO,NO,0,2,0,24,0,6,NO,0,0,0,9,BENIGN
NO,YES,NO,NO,NO,YES,NO,NO,NO,YES,YES,0,3,5.31,NO,NO,NO,NO,NO,NO,NO,YES,0,0,2,2,0,2,YES,0,0,0,9,BENIGN
YES,NO,NO,NO,NO,YES,NO,NO,NO,YES,NO,0,6,5.27,NO,NO,NO,YES,NO,NO,NO,NO,4,0,0,0,0,0,NO,0,0,0,3,BENIGN
NO,NO,NO,NO,NO,NO,NO,NO,YES,YES,NO,0,2,4.99,NO,NO,NO,NO,NO,NO,NO,YES,0,0,0,0,0,2,NO,0,0,0,2,BENIGN
NO,NO,NO,NO,NO,NO,NO,NO,NO,YES,NO,0,2,5.27,NO,NO,NO,NO,NO,NO,NO,YES,0,0,1,1,0,0,YES,0,0,0,8,BENIGN
NO,NO,NO,NO,NO,NO,NO,NO,NO,YES,NO,0,0,5.31,NO,NO,NO,NO,NO,NO,NO,NO,0,0,0,0,0,0,YES,0,0,0,14,BENIGN
YES,YES,NO,NO,NO,NO,NO,NO,YES,YES,NO,0,5,5.12,YES,NO,NO,NO,NO,YES,NO,NO,0,0,0,1,0,0,YES,3,0,0,18,BENIGN
NO,YES,NO,NO,NO,YES,NO,NO,YES,YES,YES,0,6,5.01,NO,NO,NO,NO,NO,NO,NO,NO,0,1,1,0,0,1,YES,0,0,0,7,BENIGN
NO,YES,YES,NO,NO,YES,NO,NO,YES,YES,NO,0,4,5.4,NO,NO,NO,NO,NO,NO,NO,NO,0,1,0,0,0,1,NO,4,0,0,2,BENIGN
NO,NO,NO,NO,NO,YES,NO,NO,YES,YES,NO,0,4,4.65,NO,NO,NO,NO,NO,NO,NO,YES,0,0,0,1,0,0,YES,0,0,0,13,BENIGN
YES,NO,YES,NO,NO,YES,NO,NO,YES,YES,YES,0,6,5.46,YES,NO,NO,NO,NO,NO,NO,YES,0,0,0,3,0,6,YES,3,4,0,10,BENIGN
YES,NO,NO,NO,NO,NO,NO,NO,YES,YES,YES,0,6,5.18,NO,NO,NO,NO,YES,NO,NO,YES,0,0,0,0,0,0,NO,0,0,0,3,BENIGN
NO,NO,NO,NO,NO,NO,NO,NO,YES,YES,NO,0,4,5.41,NO,NO,NO,NO,NO,NO,NO,YES,0,0,0,1,0,2,YES,0,0,0,6,BENIGN
NO,NO,NO,NO,NO,YES,NO,NO,NO,YES,NO,0,2,5.45,NO,NO,NO,NO,NO,NO,NO,NO,0,0,1,0,0,0,YES,0,0,0,4,BENIGN
NO,NO,NO,NO,NO,NO,NO,NO,YES,YES,YES,0,3,5.32,NO,YES,NO,NO,NO,NO,NO,NO,0,0,0,2,0,2,YES,0,0,0,1,BENIGN
NO,NO,YES,NO,NO,NO,NO,NO,YES,YES,YES,0,18,4.8,NO,NO,NO,NO,YES,NO,NO,YES,0,0,0,1,1,0,NO,15,0,0,9,BENIGN
NO,NO,NO,NO,NO,YES,NO,NO,YES,YES,YES,0,3,5.2,NO,NO,NO,NO,NO,NO,NO,YES,0,0,0,8,0,0,NO,0,0,0,3,BENIGN
NO,NO,YES,NO,NO,NO,NO,NO,NO,YES,YES,0,3,5.86,NO,NO,NO,NO,NO,NO,NO,YES,9,0,0,5,0,0,YES,5,1,0,2,BENIGN
YES,NO,YES,NO,NO,YES,NO,NO,YES,YES,YES,0,8,5.75,NO,NO,NO,NO,YES,NO,NO,YES,0,0,4,0,0,0,NO,0,0,0,4,BENIGN
NO,YES,NO,NO,NO,NO,NO,NO,YES,YES,YES,0,4,5.4,NO,NO,NO,NO,YES,NO,NO,YES,2,0,0,2,0,3,YES,0,0,0,4,BENIGN
NO,NO,NO,NO,NO,NO,NO,NO,YES,YES,YES,0,7,5.34,NO,NO,NO,NO,YES,NO,NO,YES,0,0,0,0,0,0,YES,0,1,0,5,BENIGN
NO,NO,NO,NO,NO,YES,NO,NO,NO,YES,NO,0,4,5.39,NO,NO,NO,NO,NO,NO,NO,NO,0,0,3,0,0,0,NO,0,1,0,14,BENIGN
NO,NO,NO,NO,NO,NO,NO,NO,YES,YES,YES,0,3,5.5,NO,NO,NO,NO,NO,NO,NO,YES,2,0,1,5,0,0,YES,0,0,0,5,BENIGN
YES,YES,YES,NO,NO,YES,NO,NO,YES,YES,YES,0,8,5.32,YES,NO,NO,NO,NO,NO,NO,YES,0,0,2,1,0,0,YES,3,0,0,2,BENIGN
NO,NO,NO,NO,NO,NO,NO,NO,NO,YES,NO,0,2,5.24,NO,NO,NO,NO,YES,NO,NO,NO,0,0,1,0,0,0,YES,0,0,0,7,BENIGN
YES,YES,YES,NO,NO,NO,NO,NO,YES,YES,YES,0,6,4.87,YES,NO,NO,NO,NO,NO,NO,YES,0,2,0,1,0,0,YES,6,0,0,6,BENIGN
NO,NO,YES,NO,NO,YES,NO,NO,YES,YES,YES,0,8,5.34,NO,NO,NO,YES,YES,NO,NO,YES,0,0,0,0,0,0,NO,3,0,0,6,BENIGN
NO,NO,NO,NO,NO,YES,NO,NO,YES,YES,YES,0,4,5.33,NO,NO,NO,YES,NO,NO,NO,YES,0,0,0,0,0,0,YES,0,0,0,6,BENIGN
NO,NO,NO,NO,NO,NO,NO,NO,YES,YES,NO,0,4,5.45,NO,YES,NO,NO,YES,NO,NO,NO,0,0,0,0,0,4,YES,0,0,0,7,BENIGN
YES,NO,NO,NO,NO,YES,NO,NO,YES,YES,YES,0,7,5.38,YES,NO,NO,YES,NO,NO,NO,YES,1,0,0,8,0,0,NO,0,0,0,1,BENIGN
YES,NO,NO,NO,NO,NO,NO,NO,YES,YES,YES,0,3,5.0,NO,NO,NO,NO,NO,NO,NO,YES,0,0,0,1,4,0,NO,0,0,0,12,BENIGN
NO,NO,NO,NO,NO,NO,NO,NO,YES,YES,NO,0,12,5.24,NO,NO,NO,NO,NO,NO,NO,NO,0,0,0,0,0,5,YES,0,0,0,10,BENIGN
NO,NO,NO,NO,NO,YES,NO,NO,NO,YES,NO,0,1,5.26,NO,NO,NO,NO,NO,NO,NO,NO,13,0,1,1,0,0,YES,0,0,0,8,BENIGN
NO,NO,YES,NO,NO,NO,NO,NO,YES,YES,NO,0,6,4.81,NO,NO,NO,NO,NO,NO,NO,NO,0,1,0,3,0,0,YES,1,0,0,12,BENIGN
YES,YES,YES,NO,NO,YES,NO,NO,YES,YES,YES,0,11,4.85,YES,NO,NO,YES,NO,NO,NO,YES,0,0,2,2,0,0,NO,0,0,1,12,BENIGN
NO,NO,NO,NO,NO,NO,NO,NO,YES,YES,YES,0,5,5.09,NO,NO,NO,NO,NO,NO,NO,YES,2,0,1,3,0,0,YES,0,0,0,19,BENIGN
NO,YES,NO,NO,NO,YES,NO,NO,YES,YES,NO,0,9,5.38,NO,NO,NO,NO,YES,NO,NO,NO,0,0,4,0,0,0,YES,2,0,0,5,BENIGN
YES,YES,NO,NO,NO,YES,NO,NO,NO,YES,YES,0,4,5.32,NO,NO,NO,NO,NO,NO,NO,NO,5,0,5,3,0,1,NO,0,2,0,0,BENIGN
YES,NO,NO,NO,NO,NO,NO,NO,YES,YES,YES,0,7,4.62,YES,NO,NO,NO,NO,NO,NO,NO,0,0,0,0,0,1,NO,0,0,0,2,BENIGN
YES,NO,NO,NO,NO,NO,NO,NO,NO,YES,YES,0,9,5.17,YES,NO,NO,NO,YES,NO,NO,YES,0,2,0,6,0,0,YES,0,0,0,7,BENIGN
NO,NO,NO,NO,NO,NO,NO,NO,YES,NO,YES,0,3,5.33,NO,NO,NO,NO,NO,NO,NO,YES,0,1,2,1,0,0,YES,2,0,0,6,BENIGN
YES,YES,NO,NO,NO,NO,NO,NO,YES,YES,YES,0,4,5.46,YES,NO,NO,NO,NO,NO,NO,NO,0,0,0,0,0,0,NO,0,0,0,5,BENIGN
NO,NO,NO,NO,NO,NO,NO,NO,YES,NO,YES,0,3,4.91,NO,NO,NO,NO,NO,NO,NO,NO,0,0,0,0,0,0,NO,0,0,0,0,BENIGN
NO,NO,NO,NO,NO,YES,NO,NO,YES,YES,NO,2,6,5.45,NO,NO,NO,NO,NO,NO,NO,YES,0,0,0,1,0,1,YES,0,0,0,3,BENIGN
NO,NO,NO,NO,NO,NO,NO,NO,NO,YES,YES,0,0,5.05,NO,NO,NO,NO,NO,NO,NO,NO,2,0,0,0,0,0,NO,0,0,0,1,BENIGN
NO,NO,NO,NO,NO,NO,NO,NO,YES,YES,YES,0,3,5.41,NO,NO,NO,NO,YES,NO,NO,YES,0,0,2,1,0,0,YES,0,0,0,11,BENIGN
NO,NO,NO,NO,NO,YES,NO,NO,NO,YES,YES,0,4,4.77,NO,NO,NO,NO,YES,NO,NO,NO,0,0,0,1,0,0,YES,0,0,0,1,BENIGN
NO,NO,NO,NO,NO,YES,NO,NO,YES,YES,YES,0,4,5.44,NO,NO,NO,NO,NO,NO,NO,YES,5,0,0,0,0,1,NO,0,0,0,7,BENIGN
NO,NO,NO,NO,NO,YES,NO,NO,YES,YES,YES,0,6,5.36,NO,NO,NO,NO,NO,NO,NO,YES,1,0,3,0,0,0,YES,0,0,0,8,BENIGN
NO,NO,NO,NO,NO,NO,NO,NO,YES,YES,NO,0,2,5.07,NO,NO,NO,NO,NO,NO,NO,NO,0,0,0,3,0,0,NO,0,0,0,3,BENIGN
NO,NO,NO,NO,NO,YES,NO,NO,YES,YES,YES,0,3,5.33,NO,NO,NO,NO,NO,NO,NO,NO,0,0,0,0,0,0,YES,0,0,0,2,BENIGN
NO,NO,NO,NO,NO,NO,NO,NO,NO,YES,NO,0,1,4.99,NO,NO,NO,NO,YES,NO,NO,NO,0,0,0,0,0,0,NO,0,0,0,1,BENIGN
NO,YES,NO,NO,NO,NO,NO,NO,YES,YES,NO,0,3,5.44,NO,NO,NO,NO,YES,NO,NO,YES,0,0,0,1,0,2,NO,0,0,0,0,BENIGN
YES,YES,NO,NO,NO,NO,NO,NO,YES,YES,YES,0,4,4.62,YES,NO,NO,NO,NO,NO,NO,NO,0,0,0,0,0,0,YES,0,0,0,7,BENIGN
NO,NO,NO,NO,NO,YES,NO,NO,YES,YES,YES,0,7,5.35,NO,NO,NO,NO,NO,NO,NO,YES,0,0,0,1,0,0,NO,0,0,0,21,BENIGN
NO,NO,NO,NO,NO,NO,NO,NO,YES,NO,NO,0,1,5.51,NO,NO,NO,NO,NO,NO,NO,NO,0,0,2,0,0,0,YES,0,0,0,5,BENIGN
NO,NO,YES,NO,NO,NO,NO,NO,YES,YES,NO,0,5,5.33,NO,NO,NO,NO,YES,NO,NO,NO,0,0,5,0,0,3,NO,2,0,0,10,BENIGN
NO,NO,NO,NO,NO,NO,NO,NO,NO,YES,NO,0,1,5.24,NO,NO,NO,NO,NO,NO,NO,NO,0,0,0,0,0,0,YES,2,0,0,3,BENIGN
NO,NO,NO,NO,NO,YES,NO,NO,NO,YES,YES,0,5,5.49,NO,NO,NO,NO,YES,NO,NO,NO,3,0,1,0,0,0,YES,0,0,0,3,BENIGN
YES,NO,NO,NO,NO,YES,NO,NO,YES,YES,NO,0,6,4.95,YES,NO,YES,NO,NO,NO,NO,NO,0,0,0,0,0,0,NO,0,0,0,2,BENIGN
NO,NO,NO,NO,NO,YES,NO,NO,NO,YES,YES,0,1,5.36,NO,NO,NO,NO,NO,NO,NO,NO,0,0,0,0,0,0,YES,0,0,0,2,BENIGN
NO,NO,NO,YES,NO,NO,NO,NO,YES,YES,YES,0,3,5.38,NO,NO,NO,NO,NO,NO,NO,NO,1,0,0,1,0,0,YES,0,0,0,3,BENIGN
NO,NO,NO,NO,NO,NO,NO,NO,NO,YES,NO,0,2,5.37,NO,NO,NO,NO,NO,NO,NO,NO,0,0,0,0,0,0,YES,0,0,0,5,BENIGN
NO,YES,YES,NO,NO,YES,NO,NO,YES,YES,YES,0,5,5.16,NO,NO,NO,NO,NO,NO,NO,YES,0,0,0,1,0,0,NO,5,0,0,10,BENIGN
NO,NO,YES,NO,NO,NO,NO,NO,YES,YES,YES,2,7,5.38,NO,YES,NO,NO,YES,NO,NO,YES,0,2,2,4,0,0,NO,0,0,0,11,BENIGN
NO,YES,NO,NO,NO,YES,NO,NO,YES,YES,YES,0,7,5.09,NO,NO,NO,NO,YES,NO,NO,YES,0,0,2,0,0,0,YES,0,0,0,3,BENIGN
NO,NO,NO,NO,NO,NO,NO,NO,NO,NO,YES,0,0,5.26,NO,NO,NO,NO,NO,NO,NO,NO,0,0,1,1,0,0,YES,0,0,0,3,BENIGN
NO,NO,NO,NO,NO,YES,YES,NO,NO,YES,NO,0,5,5.45,NO,NO,NO,NO,YES,NO,NO,NO,0,0,2,0,0,0,NO,0,0,0,9,BENIGN
YES,NO,NO,NO,NO,YES,NO,NO,YES,YES,YES,0,11,5.26,YES,NO,NO,NO,YES,NO,NO,YES,1,0,4,1,0,0,NO,0,0,0,1,BENIGN
NO,NO,NO,NO,NO,NO,NO,NO,YES,YES,NO,1,4,5.25,NO,YES,NO,YES,NO,NO,NO,NO,0,0,2,1,0,4,NO,0,0,0,6,BENIGN
NO,NO,NO,NO,NO,NO,NO,NO,NO,NO,NO,0,0,4.81,NO,NO,NO,NO,NO,NO,NO,NO,0,0,0,0,0,0,NO,0,0,0,0,BENIGN
NO,YES,NO,NO,NO,YES,NO,NO,YES,YES,YES,0,6,5.29,NO,NO,NO,NO,NO,NO,NO,NO,0,0,0,1,0,0,NO,0,0,0,14,BENIGN
NO,NO,NO,NO,NO,NO,NO,NO,YES,YES,NO,0,3,5.39,NO,NO,NO,NO,NO,NO,NO,NO,0,0,0,1,0,8,NO,0,0,0,4,BENIGN
NO,NO,NO,NO,NO,NO,NO,NO,YES,YES,YES,0,1,5.51,NO,NO,NO,NO,NO,NO,NO,NO,0,0,0,0,0,0,YES,0,1,0,0,BENIGN
NO,NO,NO,NO,NO,NO,NO,NO,YES,NO,YES,0,1,4.62,NO,NO,NO,NO,NO,NO,NO,YES,0,0,0,0,0,0,YES,0,0,0,2,BENIGN
NO,NO,NO,NO,NO,NO,NO,NO,YES,YES,YES,0,6,5.37,NO,NO,NO,NO,YES,NO,NO,YES,0,0,4,2,0,0,NO,0,0,0,1,BENIGN
NO,NO,NO,NO,NO,NO,NO,NO,NO,YES,NO,0,0,5.41,NO,NO,NO,NO,NO,NO,NO,NO,0,0,0,0,0,0,YES,0,0,0,4,BENIGN
NO,NO,NO,NO,NO,YES,NO,NO,YES,YES,NO,0,2,5.32,NO,NO,NO,NO,NO,NO,NO,NO,0,0,0,0,0,0,NO,0,0,0,4,BENIGN
NO,NO,NO,NO,NO,YES,NO,NO,YES,YES,YES,0,5,5.51,NO,NO,NO,NO,YES,NO,NO,YES,0,0,1,0,0,0,YES,0,0,12,10,BENIGN
NO,YES,NO,NO,NO,YES,NO,NO,YES,YES,YES,0,7,4.97,NO,NO,NO,NO,YES,NO,NO,YES,0,0,1,4,0,9,YES,3,0,0,21,BENIGN
NO,NO,NO,NO,NO,NO,NO,NO,NO,NO,NO,0,1,5.32,NO,NO,NO,NO,NO,NO,NO,NO,0,0,0,0,0,3,YES,0,0,0,2,BENIGN
NO,NO,NO,NO,NO,NO,NO,NO,YES,YES,YES,0,3,5.53,NO,NO,NO,NO,NO,NO,NO,YES,0,0,2,0,0,0,NO,0,0,0,9,BENIGN
NO,NO,NO,NO,NO,NO,NO,NO,NO,YES,YES,0,1,5.26,NO,NO,NO,NO,NO,NO,NO,YES,0,0,0,1,0,0,NO,0,0,0,1,BENIGN
YES,YES,NO,NO,NO,NO,NO,NO,NO,YES,NO,0,4,4.77,YES,NO,NO,NO,NO,NO,NO,NO,0,0,0,0,0,0,NO,0,0,0,0,BENIGN
NO,NO,NO,NO,NO,NO,NO,NO,NO,NO,YES,0,0,4.7,NO,NO,NO,NO,NO,NO,NO,NO,1,0,0,1,0,0,NO,0,0,0,1,BENIGN
NO,NO,NO,NO,NO,YES,NO,NO,NO,YES,NO,0,5,4.96,NO,NO,NO,NO,YES,NO,NO,NO,0,0,0,0,0,2,NO,0,0,0,0,BENIGN
NO,YES,NO,NO,NO,YES,NO,NO,YES,YES,NO,0,8,5.37,NO,NO,NO,NO,YES,NO,NO,YES,0,0,0,0,0,0,YES,0,0,0,3,BENIGN
NO,NO,NO,NO,NO,YES,NO,NO,YES,YES,NO,0,4,5.36,NO,NO,NO,NO,NO,NO,NO,YES,0,0,0,0,0,0,YES,0,0,0,0,BENIGN
NO,NO,NO,NO,NO,NO,NO,NO,NO,YES,YES,0,1,4.21,NO,NO,NO,NO,NO,NO,NO,NO,0,0,0,3,0,0,NO,0,0,0,2,BENIGN
NO,NO,NO,NO,NO,NO,NO,NO,YES,YES,YES,0,3,5.5,NO,NO,NO,NO,NO,NO,NO,YES,0,0,1,0,2,0,YES,0,1,0,5,BENIGN
NO,NO,NO,NO,NO,NO,NO,NO,YES,YES,YES,0,4,5.37,NO,NO,NO,NO,NO,NO,NO,YES,0,0,2,2,0,0,YES,0,0,0,14,BENIGN
YES,YES,YES,NO,NO,YES,NO,NO,YES,YES,NO,0,7,5.4,NO,NO,YES,NO,NO,YES,NO,NO,0,1,0,0,0,0,YES,2,0,0,7,BENIGN
NO,NO,YES,NO,NO,NO,NO,NO,NO,YES,NO,0,3,5.12,NO,NO,NO,NO,NO,NO,NO,NO,0,0,0,0,0,0,NO,4,0,0,2,BENIGN
YES,NO,NO,NO,NO,YES,NO,NO,YES,YES,YES,0,7,4.84,YES,NO,NO,NO,NO,NO,NO,YES,0,3,0,1,0,1,YES,0,0,0,26,BENIGN
NO,YES,NO,NO,NO,YES,NO,YES,YES,YES,YES,0,15,5.58,NO,NO,NO,NO,NO,NO,NO,NO,0,0,0,0,0,0,NO,0,32,0,0,BENIGN
NO,NO,NO,NO,NO,NO,NO,NO,YES,YES,NO,1,3,4.13,NO,YES,NO,NO,NO,NO,YES,NO,0,0,0,0,0,1,NO,0,0,0,0,BENIGN
NO,NO,NO,NO,NO,NO,NO,NO,YES,YES,YES,0,3,5.43,NO,NO,NO,NO,NO,NO,NO,NO,0,0,0,0,0,0,YES,0,0,0,5,BENIGN
YES,YES,NO,NO,NO,YES,NO,NO,YES,YES,YES,0,11,5.29,YES,NO,NO,YES,YES,NO,NO,YES,0,1,1,10,0,0,YES,0,0,0,17,BENIGN
NO,NO,NO,NO,NO,NO,NO,NO,YES,YES,YES,0,2,4.52,NO,NO,NO,NO,YES,NO,NO,YES,0,0,0,2,0,0,YES,5,0,0,8,BENIGN
NO,NO,NO,NO,NO,NO,NO,NO,NO,NO,NO,0,0,5.28,NO,NO,NO,NO,NO,NO,NO,NO,0,1,3,1,0,0,NO,0,0,0,16,BENIGN
NO,NO,NO,NO,NO,NO,NO,NO,YES,YES,YES,0,2,4.7,NO,NO,NO,NO,NO,NO,YES,YES,0,0,0,0,0,0,NO,0,0,0,1,BENIGN
NO,NO,NO,NO,NO,YES,NO,NO,NO,YES,NO,0,2,4.89,NO,NO,NO,NO,NO,NO,NO,NO,0,0,0,0,0,0,NO,0,0,0,1,BENIGN
YES,NO,NO,NO,NO,YES,NO,NO,NO,YES,YES,0,18,4.56,YES,NO,NO,NO,NO,NO,NO,NO,0,0,0,1,0,0,YES,0,0,0,9,BENIGN
NO,YES,YES,NO,NO,YES,NO,NO,NO,YES,YES,0,6,5.53,NO,NO,NO,NO,YES,NO,NO,YES,0,0,0,6,0,0,YES,14,0,0,14,BENIGN
NO,NO,NO,NO,NO,NO,NO,NO,YES,YES,YES,0,4,5.41,NO,NO,NO,NO,NO,NO,NO,YES,0,1,3,1,0,0,YES,0,0,0,15,BENIGN
NO,YES,NO,NO,NO,YES,NO,NO,YES,YES,YES,0,5,4.17,NO,NO,NO,NO,NO,NO,NO,NO,0,0,0,4,0,2,NO,0,0,0,8,BENIGN
NO,NO,NO,NO,NO,NO,NO,NO,YES,NO,NO,0,1,4.97,NO,NO,NO,NO,NO,NO,NO,NO,0,0,0,0,0,0,YES,0,0,0,2,BENIGN
NO,YES,NO,NO,NO,NO,NO,NO,YES,YES,YES,0,3,5.36,NO,NO,NO,NO,NO,NO,NO,NO,0,0,0,9,0,2,YES,0,0,0,13,BENIGN
NO,NO,NO,NO,NO,NO,NO,NO,YES,YES,YES,0,4,5.3,NO,NO,NO,NO,NO,NO,NO,YES,0,0,0,1,0,0,YES,0,2,0,1,BENIGN
NO,NO,NO,NO,NO,NO,NO,YES,YES,YES,NO,0,7,4.8,NO,YES,NO,NO,YES,NO,NO,YES,0,0,0,0,0,7,NO,0,0,0,1,BENIGN
NO,NO,NO,NO,NO,YES,NO,NO,NO,YES,NO,0,3,4.8,NO,NO,NO,NO,NO,NO,NO,NO,0,0,0,0,0,0,NO,0,0,0,1,BENIGN
NO,YES,YES,NO,YES,YES,NO,NO,YES,YES,YES,0,7,5.44,NO,NO,NO,NO,YES,NO,NO,YES,0,1,1,6,0,0,NO,0,0,0,1,BENIGN
NO,NO,NO,YES,NO,NO,NO,NO,NO,YES,NO,0,3,4.79,NO,NO,NO,NO,YES,NO,NO,NO,0,0,0,1,0,0,YES,0,0,1,3,BENIGN
NO,NO,NO,NO,NO,NO,NO,NO,YES,NO,YES,0,1,5.07,NO,NO,NO,NO,NO,NO,NO,YES,0,0,0,1,0,0,YES,5,0,0,6,BENIGN
NO,NO,NO,NO,NO,YES,NO,NO,NO,NO,NO,0,1,5.47,NO,NO,NO,NO,NO,NO,NO,NO,0,0,1,0,0,0,YES,0,0,0,0,BENIGN
NO,NO,NO,NO,NO,NO,NO,NO,YES,YES,YES,0,5,5.43,NO,NO,NO,NO,NO,NO,NO,YES,0,0,2,2,0,0,NO,0,0,0,11,BENIGN
NO,NO,YES,NO,NO,YES,YES,NO,YES,YES,YES,0,9,5.65,NO,NO,NO,NO,YES,NO,NO,YES,0,0,0,2,0,0,YES,0,2,0,22,BENIGN
NO,NO,NO,NO,NO,YES,NO,NO,YES,YES,YES,0,4,5.64,NO,NO,NO,NO,YES,NO,NO,YES,0,0,0,1,0,0,YES,0,0,1,4,BENIGN
NO,NO,NO,NO,NO,NO,NO,NO,YES,YES,YES,0,4,5.33,NO,NO,NO,NO,NO,NO,NO,YES,0,0,2,0,0,0,NO,0,0,0,3,BENIGN
NO,NO,NO,NO,NO,YES,NO,NO,YES,YES,NO,0,4,5.59,NO,NO,NO,NO,NO,NO,NO,NO,0,0,0,0,0,0,YES,0,0,0,2,BENIGN
NO,NO,NO,NO,NO,YES,NO,NO,YES,YES,YES,0,8,5.34,NO,NO,NO,NO,NO,NO,NO,YES,0,0,0,3,0,4,YES,0,0,0,4,BENIGN
YES,NO,NO,NO,NO,YES,NO,NO,NO,YES,NO,0,6,5.34,YES,NO,NO,NO,NO,NO,NO,YES,0,0,1,1,0,0,YES,0,0,0,9,BENIGN
NO,YES,NO,NO,NO,YES,NO,NO,YES,YES,YES,0,4,5.32,NO,NO,NO,NO,YES,NO,NO,YES,1,0,0,5,0,5,NO,0,3,0,5,BENIGN
NO,NO,NO,NO,YES,NO,NO,NO,YES,YES,YES,0,5,4.75,NO,NO,NO,NO,YES,NO,NO,YES,0,0,0,0,0,0,YES,0,0,0,16,BENIGN
NO,NO,NO,NO,NO,NO,NO,NO,NO,NO,YES,0,0,5.45,NO,NO,NO,NO,NO,NO,NO,YES,0,0,0,0,0,0,YES,0,0,0,5,BENIGN
NO,NO,NO,NO,NO,NO,NO,NO,YES,YES,YES,0,153,4.79,NO,NO,NO,NO,NO,NO,NO,YES,0,0,0,1,0,0,YES,0,0,0,4,BENIGN
NO,NO,NO,NO,NO,NO,NO,NO,YES,YES,NO,0,3,5.39,NO,NO,NO,NO,YES,NO,NO,YES,0,0,0,1,0,4,YES,0,0,0,7,BENIGN
NO,YES,NO,NO,NO,NO,NO,NO,YES,YES,NO,1,3,5.0,NO,YES,NO,NO,YES,NO,NO,NO,1,1,2,7,0,3,YES,0,0,0,5,BENIGN
YES,NO,NO,NO,NO,YES,NO,NO,NO,YES,YES,0,6,4.62,YES,NO,NO,YES,NO,NO,NO,YES,2,4,0,6,0,2,YES,2,0,0,24,BENIGN
NO,NO,NO,NO,NO,NO,NO,NO,NO,YES,NO,0,1,4.82,NO,NO,NO,NO,YES,NO,NO,NO,0,0,0,1,0,0,NO,0,0,0,2,BENIGN
NO,NO,NO,NO,NO,NO,NO,YES,YES,YES,YES,0,5,4.97,NO,NO,NO,NO,YES,NO,NO,NO,0,0,0,0,0,0,YES,0,0,0,2,BENIGN
NO,NO,NO,NO,NO,NO,NO,NO,NO,YES,YES,0,3,5.49,NO,NO,NO,NO,NO,NO,NO,YES,0,0,0,0,1,0,YES,0,0,0,14,BENIGN
NO,NO,YES,NO,NO,YES,NO,NO,NO,YES,YES,0,5,5.45,NO,NO,NO,NO,NO,NO,NO,YES,0,20,0,0,0,2,YES,27,0,0,5,BENIGN
NO,NO,NO,NO,NO,YES,NO,NO,NO,YES,NO,0,1,5.55,NO,NO,NO,NO,NO,NO,NO,NO,0,0,0,0,0,0,YES,0,0,0,5,BENIGN
NO,NO,NO,NO,NO,NO,NO,NO,NO,YES,YES,0,10,5.34,NO,NO,NO,NO,NO,NO,NO,YES,0,0,7,3,0,0,NO,0,1,0,5,BENIGN
NO,NO,NO,NO,NO,NO,NO,NO,YES,YES,YES,0,5,4.81,NO,NO,NO,NO,NO,NO,NO,YES,0,2,0,2,0,3,NO,0,0,0,7,BENIGN
NO,NO,NO,NO,NO,YES,NO,NO,NO,YES,YES,0,8,5.84,NO,NO,NO,NO,NO,NO,NO,YES,0,0,1,0,0,1,NO,0,0,0,11,BENIGN
YES,NO,YES,NO,NO,YES,NO,NO,YES,YES,YES,0,9,5.12,YES,NO,NO,YES,YES,NO,NO,YES,2,0,0,4,0,6,YES,2,1,0,14,BENIGN
NO,NO,NO,NO,NO,NO,NO,NO,YES,NO,YES,0,2,4.81,NO,NO,NO,NO,NO,NO,NO,NO,0,0,0,0,0,0,YES,0,0,0,0,BENIGN
NO,NO,NO,NO,NO,NO,NO,NO,YES,YES,NO,0,6,5.06,NO,NO,NO,NO,YES,NO,NO,NO,0,0,0,3,0,0,NO,0,0,0,9,BENIGN
NO,NO,NO,NO,NO,NO,NO,NO,YES,YES,NO,0,3,4.61,NO,YES,NO,NO,NO,NO,NO,NO,0,0,0,0,0,2,YES,0,0,0,0,BENIGN
YES,NO,NO,NO,NO,YES,NO,NO,NO,YES,YES,0,9,5.06,YES,NO,YES,NO,NO,NO,NO,YES,0,0,0,3,0,4,NO,0,0,0,20,BENIGN
YES,NO,NO,NO,NO,YES,NO,NO,YES,YES,YES,0,9,5.27,YES,NO,NO,YES,YES,NO,NO,YES,0,0,0,2,0,3,YES,0,0,0,15,BENIGN
NO,NO,NO,NO,NO,NO,NO,NO,NO,NO,NO,0,0,4.97,NO,NO,NO,NO,NO,NO,NO,NO,0,0,0,0,0,0,NO,0,0,0,5,BENIGN
NO,NO,NO,NO,NO,NO,NO,NO,NO,NO,NO,0,2,0.0,NO,NO,NO,NO,NO,NO,NO,NO,0,0,0,0,0,0,NO,0,0,0,0,BENIGN
NO,NO,NO,NO,NO,NO,NO,NO,NO,NO,YES,0,0,5.01,NO,NO,NO,NO,NO,NO,NO,YES,0,0,0,6,0,0,YES,0,0,0,2,BENIGN
NO,NO,NO,NO,NO,NO,NO,NO,YES,NO,NO,0,2,5.29,NO,NO,NO,NO,NO,NO,NO,NO,0,0,3,0,0,0,NO,0,0,0,3,BENIGN
NO,NO,NO,NO,NO,NO,NO,NO,YES,YES,YES,0,5,5.11,NO,NO,NO,NO,NO,NO,NO,YES,0,0,2,2,0,0,YES,0,0,0,17,BENIGN
NO,NO,NO,NO,NO,YES,NO,NO,YES,YES,YES,0,3,5.37,NO,NO,NO,NO,NO,NO,NO,YES,0,1,1,4,0,0,NO,3,0,0,8,BENIGN
NO,NO,NO,NO,NO,NO,NO,NO,YES,YES,NO,1,1,5.41,NO,NO,NO,NO,NO,NO,NO,NO,0,0,0,3,0,0,YES,0,0,0,4,BENIGN
NO,NO,NO,NO,NO,NO,NO,NO,YES,YES,NO,0,2,4.79,NO,NO,NO,NO,NO,NO,NO,NO,0,0,0,0,0,0,NO,0,0,0,0,BENIGN
NO,NO,NO,NO,NO,NO,NO,NO,YES,YES,NO,0,5,4.76,NO,NO,NO,NO,YES,NO,NO,YES,0,0,0,2,0,1,NO,0,0,0,1,BENIGN
NO,NO,NO,NO,NO,YES,NO,NO,YES,YES,YES,0,5,4.77,NO,NO,NO,NO,YES,NO,NO,YES,0,0,0,2,0,1,YES,0,0,0,2,BENIGN
YES,NO,NO,NO,NO,YES,YES,NO,NO,YES,NO,0,6,5.83,YES,NO,NO,NO,NO,NO,NO,NO,0,0,0,2,0,0,YES,0,1,0,30,BENIGN
NO,YES,NO,NO,NO,YES,NO,NO,YES,YES,YES,0,7,5.2,NO,NO,NO,NO,YES,NO,NO,YES,1,1,0,17,0,30,YES,0,0,0,19,BENIGN
YES,YES,NO,NO,NO,YES,NO,NO,NO,YES,NO,0,8,5.49,YES,NO,YES,NO,NO,YES,NO,NO,2,1,4,0,2,0,NO,2,0,0,8,BENIGN
NO,NO,NO,NO,NO,NO,NO,NO,NO,NO,NO,0,0,5.41,NO,NO,NO,NO,NO,NO,NO,NO,0,0,0,0,0,0,YES,0,0,0,5,BENIGN
NO,NO,NO,NO,NO,NO,NO,NO,YES,NO,NO,0,1,5.47,NO,NO,NO,NO,NO,NO,NO,NO,0,0,0,0,0,0,NO,0,0,0,0,BENIGN
NO,NO,NO,NO,NO,NO,NO,NO,YES,YES,NO,0,2,4.97,NO,NO,NO,NO,YES,NO,NO,NO,0,0,0,0,0,0,NO,0,0,0,1,BENIGN
NO,NO,NO,NO,NO,NO,NO,NO,NO,YES,NO,0,0,4.93,NO,NO,NO,NO,NO,NO,NO,NO,0,0,0,0,0,0,NO,0,0,0,3,BENIGN
NO,YES,NO,NO,NO,YES,NO,NO,NO,YES,NO,0,7,4.94,NO,NO,NO,NO,YES,NO,NO,NO,0,0,0,0,0,0,NO,0,0,0,1,BENIGN
YES,NO,NO,NO,NO,YES,NO,NO,YES,YES,YES,0,6,5.44,NO,NO,NO,NO,NO,NO,NO,YES,0,0,0,2,0,3,YES,0,0,0,2,BENIGN
NO,NO,NO,NO,NO,YES,NO,NO,YES,YES,NO,0,6,4.35,NO,NO,NO,NO,YES,NO,NO,NO,0,0,0,3,0,1,NO,0,0,0,4,BENIGN
NO,YES,NO,NO,NO,YES,YES,NO,NO,YES,YES,0,10,5.43,NO,NO,NO,YES,YES,NO,NO,YES,0,2,0,1,0,0,YES,0,0,0,4,BENIGN
NO,NO,NO,NO,NO,YES,NO,NO,YES,YES,YES,0,7,5.45,NO,NO,NO,NO,YES,NO,NO,NO,0,0,0,0,0,0,YES,0,0,0,4,BENIGN
NO,NO,NO,NO,NO,NO,NO,NO,NO,YES,NO,0,1,4.96,NO,NO,NO,NO,NO,NO,NO,NO,0,0,0,1,0,0,NO,0,0,0,2,BENIGN
NO,NO,NO,NO,NO,YES,NO,NO,YES,YES,YES,0,5,5.43,NO,NO,NO,NO,YES,NO,NO,YES,0,0,0,3,0,2,YES,0,0,0,9,BENIGN
NO,NO,NO,NO,NO,NO,NO,NO,NO,YES,NO,0,2,5.29,NO,NO,NO,NO,YES,NO,NO,YES,0,0,0,3,0,6,YES,0,0,0,3,BENIGN
YES,YES,YES,NO,NO,YES,YES,NO,YES,YES,YES,0,15,4.81,YES,NO,NO,YES,YES,YES,NO,YES,0,0,4,0,0,0,YES,0,4,0,4,BENIGN
NO,NO,NO,NO,NO,NO,NO,NO,NO,YES,YES,0,3,4.07,NO,NO,NO,NO,NO,NO,NO,NO,0,0,0,2,0,0,YES,0,0,0,3,BENIGN
YES,NO,NO,NO,NO,YES,NO,NO,YES,YES,YES,0,5,4.81,YES,NO,NO,NO,NO,NO,NO,YES,0,0,0,0,0,1,NO,1,0,0,2,BENIGN
NO,NO,NO,NO,NO,YES,NO,NO,YES,YES,YES,0,8,5.44,NO,NO,NO,NO,YES,NO,NO,YES,1,0,1,1,0,0,YES,4,0,3,6,BENIGN
NO,NO,NO,NO,NO,NO,NO,NO,NO,YES,YES,0,0,5.3,NO,NO,NO,NO,NO,NO,NO,NO,0,0,0,0,0,0,YES,0,0,0,7,BENIGN
NO,NO,NO,NO,NO,NO,NO,YES,YES,YES,NO,0,7,5.27,NO,NO,NO,NO,YES,NO,NO,NO,0,0,7,0,0,0,YES,0,0,0,3,BENIGN
NO,NO,NO,NO,NO,YES,NO,NO,YES,YES,YES,0,4,5.39,NO,NO,NO,NO,NO,NO,NO,YES,9,0,2,0,0,0,YES,0,0,0,5,BENIGN
YES,NO,NO,NO,NO,YES,NO,NO,YES,YES,YES,0,10,4.93,YES,NO,NO,YES,YES,NO,NO,YES,0,0,0,0,0,2,YES,0,1,0,10,BENIGN
NO,NO,NO,NO,NO,NO,NO,NO,YES,YES,YES,0,5,4.26,NO,NO,NO,NO,NO,NO,NO,YES,0,0,0,3,0,1,YES,0,0,0,5,BENIGN
NO,NO,NO,NO,NO,NO,NO,NO,NO,NO,YES,0,0,4.95,NO,NO,NO,NO,NO,NO,NO,NO,0,0,0,0,0,0,NO,0,0,0,1,BENIGN
YES,NO,YES,NO,NO,YES,NO,NO,YES,YES,YES,0,9,5.46,YES,NO,NO,NO,YES,NO,NO,NO,0,0,0,2,0,0,YES,0,0,0,7,BENIGN
NO,YES,NO,NO,NO,NO,YES,NO,YES,YES,YES,0,4,5.24,NO,NO,NO,NO,NO,NO,NO,NO,0,0,1,0,0,3,YES,0,0,0,3,BENIGN
NO,NO,NO,NO,NO,NO,NO,NO,NO,NO,NO,0,0,5.04,NO,NO,NO,NO,NO,NO,NO,NO,0,0,0,0,0,0,YES,0,0,0,9,BENIGN
NO,NO,NO,NO,NO,YES,YES,YES,YES,YES,NO,0,19,5.46,NO,NO,YES,NO,YES,NO,NO,NO,0,0,0,0,0,2,NO,0,0,0,13,BENIGN
NO,NO,NO,NO,NO,NO,NO,NO,NO,NO,YES,0,0,4.32,NO,NO,NO,NO,NO,NO,NO,NO,0,0,0,0,0,0,NO,0,0,0,1,BENIGN
NO,NO,NO,NO,NO,NO,NO,NO,YES,NO,NO,0,3,5.3,NO,NO,NO,NO,NO,NO,NO,NO,0,0,0,0,0,0,NO,0,0,0,11,BENIGN
NO,NO,NO,NO,NO,NO,NO,NO,NO,YES,NO,0,1,5.34,NO,NO,NO,NO,NO,NO,NO,NO,0,0,1,1,0,0,YES,0,0,0,2,BENIGN
YES,YES,NO,NO,NO,YES,NO,NO,YES,YES,YES,0,8,5.42,YES,NO,NO,NO,NO,NO,NO,YES,0,0,1,0,0,0,YES,0,0,0,9,BENIGN
NO,NO,NO,NO,NO,NO,NO,NO,NO,YES,NO,0,0,4.91,NO,NO,NO,NO,NO,NO,NO,NO,0,0,0,2,0,0,NO,0,0,0,1,BENIGN
NO,NO,NO,NO,NO,NO,NO,NO,NO,YES,NO,0,0,5.34,NO,NO,NO,NO,NO,NO,NO,NO,0,0,0,0,0,0,YES,0,0,0,7,BENIGN
NO,YES,NO,NO,NO,YES,NO,NO,YES,YES,YES,0,6,5.08,NO,NO,NO,NO,YES,NO,NO,NO,0,0,0,0,0,0,YES,0,0,0,0,BENIGN
YES,NO,YES,NO,NO,YES,NO,NO,YES,YES,YES,0,10,5.36,YES,NO,NO,YES,NO,NO,NO,NO,0,0,3,1,0,0,YES,0,0,0,7,BENIGN
NO,NO,NO,NO,NO,NO,NO,NO,NO,YES,NO,0,1,3.93,NO,NO,NO,NO,NO,NO,NO,NO,0,0,0,0,0,0,NO,0,0,0,1,BENIGN
NO,NO,YES,NO,NO,YES,NO,NO,YES,YES,YES,0,7,5.33,NO,NO,NO,NO,YES,NO,NO,YES,1,0,2,1,0,0,NO,0,0,0,40,BENIGN
NO,NO,NO,NO,NO,NO,NO,NO,YES,YES,YES,0,3,5.41,NO,NO,NO,NO,YES,NO,NO,YES,0,2,0,2,0,2,YES,0,0,0,5,BENIGN
NO,NO,NO,NO,NO,YES,NO,NO,YES,YES,NO,0,3,5.44,NO,NO,NO,NO,NO,NO,NO,YES,9,0,2,0,0,1,YES,0,0,0,5,BENIGN
NO,YES,NO,NO,NO,YES,NO,NO,YES,YES,NO,0,6,5.32,NO,NO,NO,NO,YES,NO,NO,YES,0,0,2,0,0,0,YES,0,0,0,1,BENIGN
YES,YES,NO,NO,YES,YES,NO,NO,YES,YES,NO,0,11,5.55,YES,NO,NO,NO,YES,NO,NO,NO,3,6,1,0,0,2,YES,0,0,0,7,BENIGN
YES,NO,NO,NO,NO,NO,NO,NO,YES,YES,YES,0,14,5.5,YES,NO,NO,NO,NO,NO,NO,YES,0,0,0,2,0,0,YES,4,0,0,5,BENIGN
YES,YES,YES,NO,NO,YES,NO,NO,YES,YES,YES,0,8,4.78,YES,NO,NO,NO,YES,NO,NO,YES,0,1,0,2,0,2,NO,0,2,0,16,BENIGN
YES,NO,NO,NO,NO,YES,NO,NO,YES,YES,YES,0,5,5.57,YES,NO,NO,NO,NO,NO,NO,YES,0,0,0,0,0,0,YES,0,0,0,36,BENIGN
NO,NO,NO,NO,NO,NO,NO,NO,YES,YES,YES,0,5,5.17,NO,NO,NO,NO,YES,NO,NO,YES,0,0,0,4,0,0,NO,0,0,0,4,BENIGN
YES,NO,NO,NO,NO,YES,NO,YES,YES,YES,YES,0,10,5.27,NO,NO,NO,YES,NO,NO,NO,YES,0,0,1,4,0,0,YES,0,0,0,7,BENIGN
YES,NO,NO,NO,NO,YES,NO,YES,YES,YES,YES,0,6,5.01,NO,NO,NO,NO,NO,NO,NO,NO,0,0,0,5,0,1,YES,0,0,0,17,BENIGN
YES,YES,YES,NO,NO,YES,NO,NO,YES,YES,NO,0,8,4.6,YES,NO,NO,NO,NO,NO,NO,NO,0,0,0,1,0,0,NO,6,0,0,1,BENIGN
NO,NO,NO,NO,YES,NO,NO,YES,YES,YES,NO,0,5,4.81,NO,NO,NO,NO,YES,NO,NO,YES,0,0,0,3,0,5,YES,0,0,0,9,BENIGN
NO,NO,NO,NO,NO,NO,NO,NO,NO,YES,NO,0,2,5.04,NO,NO,NO,NO,YES,NO,NO,YES,0,0,0,0,0,0,YES,0,0,0,6,BENIGN
NO,NO,NO,YES,NO,NO,NO,NO,NO,YES,NO,0,2,5.44,NO,NO,NO,NO,NO,NO,NO,NO,0,0,1,0,0,0,YES,0,0,0,1,BENIGN
NO,NO,NO,NO,NO,NO,NO,NO,NO,YES,YES,0,0,4.96,NO,NO,NO,NO,NO,NO,NO,NO,0,0,0,0,0,0,NO,0,0,0,1,BENIGN
NO,NO,NO,YES,NO,NO,NO,NO,NO,YES,NO,0,2,5.33,NO,NO,NO,NO,YES,NO,NO,NO,0,0,0,0,0,0,YES,0,0,0,6,BENIGN
NO,NO,NO,NO,NO,YES,NO,NO,YES,NO,NO,0,2,4.72,NO,NO,NO,NO,NO,NO,NO,NO,0,0,0,0,0,0,NO,0,0,0,0,BENIGN
NO,NO,NO,NO,NO,NO,NO,NO,YES,YES,NO,0,3,5.32,NO,NO,NO,NO,NO,NO,NO,NO,0,0,0,0,0,0,YES,0,0,0,6,BENIGN
NO,NO,NO,NO,NO,NO,NO,NO,NO,NO,NO,0,0,5.32,NO,NO,NO,NO,NO,NO,NO,NO,0,0,0,0,0,0,YES,0,0,0,1,BENIGN
NO,NO,YES,NO,NO,YES,NO,NO,YES,YES,YES,0,5,5.28,NO,NO,NO,NO,NO,NO,NO,YES,0,0,1,1,0,0,YES,2,0,0,7,BENIGN
NO,NO,NO,NO,NO,YES,NO,NO,YES,YES,YES,0,5,5.15,NO,NO,NO,NO,YES,NO,NO,YES,0,0,0,1,0,0,YES,0,0,0,7,BENIGN
NO,NO,NO,NO,NO,NO,NO,NO,NO,YES,YES,0,1,5.18,NO,NO,NO,NO,NO,NO,NO,NO,0,0,3,0,0,1,NO,0,0,0,0,BENIGN
NO,NO,NO,NO,NO,NO,NO,NO,YES,YES,NO,0,3,5.33,NO,NO,NO,NO,NO,NO,NO,NO,0,0,0,8,0,0,YES,0,0,0,3,BENIGN
YES,YES,NO,NO,NO,NO,NO,NO,NO,YES,YES,0,3,4.6,YES,NO,NO,NO,NO,NO,NO,YES,0,0,0,0,0,0,YES,0,0,0,2,BENIGN
NO,NO,NO,NO,NO,YES,NO,NO,YES,YES,YES,0,4,3.99,NO,NO,NO,NO,NO,NO,NO,NO,0,0,0,0,0,1,NO,0,0,0,4,BENIGN
NO,NO,NO,NO,NO,YES,NO,NO,YES,YES,NO,0,4,5.25,NO,NO,NO,NO,NO,NO,NO,NO,0,0,2,0,0,0,NO,0,0,0,5,BENIGN
NO,NO,NO,NO,NO,NO,YES,NO,YES,YES,NO,0,6,5.31,NO,NO,NO,NO,NO,NO,NO,NO,0,0,0,0,0,0,YES,0,0,0,1,BENIGN
NO,NO,NO,NO,NO,NO,NO,NO,YES,NO,YES,0,5,5.39,NO,NO,NO,NO,NO,NO,NO,YES,0,0,3,6,0,0,YES,0,0,0,10,BENIGN
NO,YES,NO,NO,NO,NO,NO,NO,NO,YES,YES,0,3,4.63,NO,NO,NO,YES,NO,NO,NO,YES,0,0,0,2,0,31,YES,3,0,0,21,BENIGN
NO,NO,NO,NO,NO,YES,NO,NO,NO,YES,YES,0,10,5.46,NO,NO,NO,NO,NO,NO,NO,YES,0,0,1,0,0,0,NO,0,0,0,7,BENIGN
NO,NO,NO,NO,NO,YES,NO,NO,YES,YES,NO,0,2,5.3,NO,NO,NO,NO,NO,NO,NO,NO,1,0,0,0,0,0,NO,0,0,0,4,BENIGN
NO,NO,NO,NO,NO,NO,NO,NO,YES,YES,NO,0,1,5.41,NO,NO,NO,NO,NO,NO,NO,NO,0,0,0,0,0,0,YES,0,0,0,5,BENIGN
NO,NO,NO,NO,NO,NO,NO,NO,NO,YES,YES,0,1,5.07,NO,NO,NO,NO,NO,NO,NO,NO,0,0,0,1,0,0,NO,1,0,0,1,BENIGN
NO,NO,NO,NO,NO,NO,NO,NO,NO,YES,NO,0,1,4.92,NO,NO,NO,NO,NO,NO,NO,NO,0,0,0,0,0,1,NO,0,0,0,0,BENIGN
NO,YES,NO,NO,NO,NO,NO,YES,YES,YES,NO,0,4,4.82,NO,NO,NO,NO,YES,NO,NO,NO,0,0,1,11,0,0,NO,0,0,0,11,BENIGN
YES,NO,NO,NO,NO,NO,NO,NO,YES,YES,NO,0,5,5.33,YES,NO,NO,NO,NO,NO,NO,NO,0,0,0,0,0,0,YES,2,0,0,7,BENIGN
NO,NO,NO,NO,NO,NO,NO,NO,NO,NO,NO,0,0,0.0,NO,NO,NO,NO,NO,NO,NO,NO,0,0,0,0,0,0,NO,0,0,0,0,BENIGN
NO,NO,NO,NO,NO,NO,NO,NO,YES,YES,NO,0,2,5.39,NO,NO,NO,NO,NO,NO,NO,NO,0,0,9,0,0,0,NO,0,0,0,4,BENIGN
NO,NO,NO,NO,NO,NO,NO,NO,NO,YES,NO,0,3,5.41,NO,NO,NO,NO,NO,NO,NO,YES,0,1,0,0,0,0,YES,0,0,0,3,BENIGN
NO,NO,NO,NO,NO,NO,NO,NO,YES,YES,NO,0,1,5.43,NO,NO,NO,NO,NO,NO,NO,NO,0,0,1,0,0,0,YES,0,0,0,3,BENIGN
NO,NO,NO,NO,NO,NO,NO,NO,NO,YES,NO,0,2,5.32,NO,NO,NO,NO,YES,NO,NO,YES,0,0,0,0,0,2,NO,0,0,0,12,BENIGN
NO,NO,NO,NO,NO,NO,NO,NO,YES,YES,YES,0,1,5.02,NO,NO,NO,NO,NO,NO,NO,NO,0,0,0,0,0,0,YES,0,0,0,3,BENIGN
NO,NO,NO,NO,NO,NO,NO,NO,YES,YES,NO,0,4,5.72,NO,NO,NO,NO,YES,NO,NO,NO,0,0,0,2,0,0,NO,0,2,0,2,BENIGN
NO,YES,NO,NO,NO,YES,NO,NO,YES,YES,YES,0,11,5.26,NO,NO,YES,NO,NO,NO,NO,YES,0,0,0,0,0,0,YES,0,6,0,41,BENIGN
YES,NO,YES,NO,NO,NO,NO,NO,YES,YES,YES,0,6,5.33,YES,NO,NO,NO,NO,NO,NO,NO,0,1,0,0,0,0,NO,1,0,0,5,BENIGN
YES,NO,NO,NO,NO,NO,NO,YES,NO,YES,YES,0,5,5.41,YES,NO,NO,NO,NO,NO,NO,NO,0,0,1,0,0,0,YES,0,0,0,8,BENIGN
NO,NO,NO,NO,NO,NO,NO,NO,NO,YES,YES,0,1,5.4,NO,NO,NO,NO,NO,NO,NO,NO,0,0,0,0,0,0,NO,0,0,0,1,BENIGN
NO,NO,NO,NO,NO,NO,NO,NO,NO,NO,NO,0,0,0.0,NO,NO,NO,NO,NO,NO,NO,NO,0,0,0,0,0,0,NO,0,0,0,0,BENIGN
NO,NO,NO,NO,NO,NO,NO,NO,NO,YES,YES,0,1,4.81,NO,NO,NO,NO,NO,NO,NO,NO,0,0,0,0,0,0,YES,0,0,0,0,BENIGN
NO,NO,NO,NO,NO,NO,NO,NO,NO,YES,YES,0,0,5.37,NO,NO,NO,NO,NO,NO,NO,YES,7,0,2,16,0,0,YES,0,0,0,5,BENIGN
NO,NO,NO,NO,NO,NO,NO,YES,YES,YES,NO,0,4,5.31,NO,NO,NO,NO,NO,NO,NO,YES,0,0,7,0,0,1,YES,0,0,0,0,BENIGN
NO,NO,NO,NO,YES,YES,NO,NO,YES,YES,NO,0,8,5.32,NO,NO,NO,NO,NO,NO,NO,NO,0,0,0,0,0,0,YES,2,0,0,5,BENIGN
NO,NO,NO,NO,NO,NO,NO,NO,YES,NO,NO,0,1,4.92,NO,NO,NO,NO,NO,NO,NO,NO,0,0,0,0,0,0,NO,0,0,0,0,BENIGN
NO,NO,NO,NO,NO,YES,NO,NO,NO,YES,YES,0,1,5.29,NO,NO,NO,NO,NO,NO,NO,YES,0,0,0,0,0,0,YES,0,0,0,2,BENIGN
NO,NO,NO,NO,NO,YES,NO,NO,YES,YES,YES,0,2,5.06,NO,NO,NO,NO,NO,NO,NO,NO,0,0,0,0,0,0,NO,0,0,0,3,BENIGN
NO,YES,NO,YES,NO,NO,NO,NO,NO,YES,NO,0,3,5.25,NO,NO,NO,NO,NO,NO,NO,NO,1,0,0,0,0,1,YES,0,0,0,3,BENIGN
YES,YES,NO,NO,NO,NO,NO,NO,NO,YES,YES,0,4,4.77,YES,NO,NO,NO,YES,NO,NO,YES,0,1,0,3,0,0,NO,0,0,0,4,BENIGN
NO,NO,NO,NO,NO,NO,NO,YES,YES,YES,NO,1,2,4.65,NO,NO,NO,NO,NO,NO,NO,NO,0,3,0,6,0,0,YES,0,0,0,3,BENIGN
NO,NO,NO,NO,NO,NO,NO,NO,NO,YES,YES,0,1,5.32,NO,NO,NO,NO,NO,NO,NO,YES,0,0,2,0,0,2,YES,0,0,0,0,BENIGN
NO,NO,NO,NO,NO,NO,NO,NO,NO,YES,NO,0,0,5.32,NO,NO,NO,NO,NO,NO,NO,NO,0,0,0,0,0,0,YES,0,0,0,7,BENIGN
NO,NO,NO,NO,NO,NO,NO,NO,YES,YES,NO,0,4,4.36,NO,NO,NO,NO,YES,NO,NO,NO,0,0,2,0,0,0,YES,0,0,0,4,BENIGN
NO,NO,NO,NO,NO,NO,NO,NO,YES,YES,YES,0,1,5.44,NO,NO,NO,NO,NO,NO,NO,NO,0,0,0,0,0,0,YES,0,0,0,3,BENIGN
NO,NO,NO,NO,NO,NO,NO,NO,YES,YES,NO,0,8,5.49,NO,NO,NO,NO,YES,NO,NO,NO,0,0,1,2,0,0,YES,0,0,0,5,BENIGN
NO,NO,NO,NO,NO,YES,NO,NO,YES,YES,NO,0,2,5.37,NO,NO,NO,NO,NO,NO,NO,NO,0,0,0,2,0,0,NO,0,0,0,4,BENIGN
NO,NO,NO,NO,NO,YES,NO,NO,NO,YES,NO,0,5,5.62,NO,NO,NO,NO,YES,NO,NO,YES,0,0,1,2,0,0,YES,0,2,0,28,BENIGN
YES,YES,YES,NO,NO,YES,NO,NO,YES,YES,YES,0,7,5.32,NO,NO,NO,YES,NO,NO,NO,YES,0,0,0,0,0,0,YES,0,0,0,0,BENIGN
YES,YES,NO,NO,NO,YES,NO,NO,YES,YES,YES,0,4,4.53,NO,NO,NO,NO,NO,NO,NO,NO,4,0,0,10,0,0,NO,0,0,0,19,BENIGN
YES,YES,YES,NO,NO,YES,YES,NO,YES,YES,YES,0,10,5.47,YES,NO,NO,YES,NO,NO,NO,YES,0,0,4,4,0,0,NO,4,1,0,9,BENIGN
NO,NO,NO,NO,NO,NO,NO,NO,NO,NO,NO,0,0,5.39,NO,NO,NO,NO,NO,NO,NO,NO,0,0,0,0,0,2,YES,0,0,0,5,BENIGN
NO,NO,NO,NO,NO,NO,NO,NO,YES,YES,YES,0,4,5.18,NO,NO,NO,NO,NO,NO,NO,NO,0,0,1,1,0,0,YES,0,0,0,3,BENIGN
NO,NO,NO,NO,NO,YES,NO,NO,YES,YES,YES,0,3,4.83,NO,NO,NO,NO,YES,NO,NO,YES,0,1,0,7,0,0,NO,0,0,0,4,BENIGN
NO,YES,NO,NO,NO,YES,NO,NO,YES,YES,YES,0,4,5.32,NO,NO,NO,NO,NO,NO,NO,YES,0,0,1,0,0,2,YES,0,0,0,2,BENIGN
NO,NO,NO,NO,NO,YES,NO,NO,YES,YES,NO,0,6,5.39,NO,NO,NO,NO,YES,NO,NO,NO,0,0,0,0,0,0,YES,0,0,0,2,BENIGN
NO,NO,NO,NO,NO,YES,NO,NO,YES,YES,YES,0,5,5.13,NO,NO,NO,NO,NO,NO,NO,NO,0,0,0,0,0,1,YES,0,0,0,7,BENIGN
NO,NO,NO,NO,NO,NO,NO,NO,NO,YES,YES,0,2,5.32,NO,NO,NO,NO,NO,NO,NO,YES,0,0,0,1,0,0,YES,0,0,0,2,BENIGN
NO,NO,NO,NO,NO,YES,NO,NO,NO,YES,NO,0,5,5.07,NO,NO,NO,NO,NO,NO,NO,NO,0,0,1,0,0,0,YES,0,0,0,16,BENIGN
NO,NO,NO,NO,NO,NO,NO,NO,NO,YES,NO,0,0,4.28,NO,NO,NO,NO,NO,NO,NO,NO,0,0,0,0,0,0,NO,0,0,0,1,BENIGN
NO,NO,NO,NO,NO,NO,NO,NO,NO,YES,NO,0,1,5.29,NO,NO,NO,NO,YES,NO,NO,NO,0,0,0,1,0,0,YES,0,0,0,4,BENIGN
NO,NO,NO,NO,NO,YES,NO,NO,YES,YES,YES,0,6,5.32,NO,NO,NO,NO,NO,NO,NO,YES,0,0,0,0,0,10,YES,0,0,0,15,BENIGN
NO,YES,NO,NO,NO,NO,NO,NO,YES,YES,YES,0,2,5.39,NO,NO,NO,NO,NO,NO,NO,NO,0,0,0,0,0,0,YES,0,0,0,3,BENIGN
NO,NO,NO,NO,NO,NO,NO,NO,YES,YES,YES,0,3,5.07,NO,NO,NO,NO,NO,NO,NO,YES,0,0,0,0,0,0,NO,0,0,0,18,BENIGN
NO,NO,NO,NO,NO,NO,NO,NO,NO,YES,NO,0,1,5.34,NO,NO,NO,NO,NO,NO,NO,NO,0,2,10,3,0,1,NO,0,0,0,3,BENIGN
NO,NO,NO,NO,NO,NO,NO,NO,YES,YES,NO,0,3,5.35,NO,NO,NO,NO,NO,NO,NO,YES,0,0,4,0,0,0,YES,0,0,0,3,BENIGN
YES,YES,YES,NO,NO,NO,NO,NO,YES,YES,YES,0,8,5.62,YES,NO,NO,YES,NO,NO,NO,YES,0,0,0,2,0,3,NO,0,0,0,7,BENIGN
NO,NO,NO,NO,NO,NO,NO,NO,NO,NO,NO,0,0,4.83,NO,NO,NO,NO,NO,NO,NO,NO,0,0,3,0,0,0,NO,0,0,0,10,BENIGN
NO,NO,NO,NO,NO,NO,NO,NO,YES,YES,YES,0,2,5.34,NO,NO,NO,NO,NO,NO,NO,YES,0,0,0,6,0,0,YES,0,0,0,2,BENIGN
NO,NO,NO,NO,NO,NO,NO,NO,YES,YES,NO,0,3,5.32,NO,NO,NO,NO,NO,NO,NO,NO,0,0,0,0,0,0,YES,0,0,0,6,BENIGN
NO,NO,NO,NO,YES,NO,NO,NO,NO,YES,YES,0,4,5.58,NO,NO,NO,NO,NO,NO,NO,YES,0,8,0,0,0,0,NO,0,0,0,1,BENIGN
YES,YES,YES,NO,NO,YES,NO,NO,YES,YES,YES,0,8,5.4,NO,NO,NO,YES,NO,NO,NO,YES,0,0,2,0,0,0,YES,0,0,0,5,BENIGN
NO,NO,NO,NO,NO,NO,NO,NO,NO,NO,NO,0,0,5.33,NO,NO,NO,NO,NO,NO,NO,NO,0,0,0,0,0,0,YES,0,0,0,0,BENIGN
NO,NO,NO,NO,NO,YES,NO,NO,NO,YES,NO,0,5,4.83,NO,NO,NO,YES,NO,NO,NO,YES,3,1,0,5,0,0,YES,0,0,0,10,BENIGN
YES,NO,NO,NO,NO,YES,NO,NO,YES,YES,YES,0,6,5.34,YES,NO,NO,NO,NO,NO,NO,YES,0,0,1,0,0,0,YES,0,1,0,5,BENIGN
NO,NO,NO,NO,NO,NO,NO,NO,YES,NO,YES,0,7,5.92,NO,NO,NO,NO,NO,NO,NO,NO,0,0,0,0,0,0,YES,0,0,0,17,BENIGN
NO,NO,NO,NO,NO,YES,NO,NO,NO,YES,YES,0,4,5.17,NO,NO,NO,NO,YES,NO,NO,YES,0,0,0,0,0,0,YES,0,1,0,9,BENIGN
NO,NO,NO,NO,NO,NO,NO,NO,NO,YES,YES,0,1,5.15,NO,NO,NO,NO,NO,NO,NO,YES,0,0,2,0,0,0,YES,0,0,0,29,BENIGN
NO,NO,NO,NO,NO,NO,NO,NO,YES,YES,NO,0,5,5.3,NO,NO,NO,NO,NO,NO,NO,YES,0,0,0,6,0,0,YES,0,0,0,13,BENIGN
NO,NO,NO,NO,NO,NO,NO,NO,NO,NO,NO,0,0,5.23,NO,NO,NO,NO,NO,NO,NO,NO,0,0,1,2,1,0,NO,0,0,0,15,BENIGN
NO,NO,NO,NO,NO,NO,NO,NO,YES,YES,YES,0,7,4.99,NO,NO,NO,NO,NO,NO,NO,YES,0,2,0,6,0,0,YES,0,0,0,3,BENIGN
NO,NO,NO,NO,NO,NO,NO,NO,YES,YES,NO,0,3,4.75,NO,NO,NO,NO,NO,NO,NO,YES,0,0,0,3,0,0,NO,0,2,0,5,BENIGN
NO,NO,NO,NO,NO,NO,NO,NO,NO,NO,NO,0,4,5.24,NO,NO,NO,NO,NO,NO,NO,NO,0,0,1,6,0,1,YES,0,0,0,2,BENIGN
YES,NO,NO,NO,NO,NO,NO,NO,NO,YES,YES,0,4,5.28,YES,NO,NO,NO,NO,NO,NO,YES,0,0,0,0,0,0,YES,0,0,0,2,BENIGN
NO,NO,NO,NO,NO,NO,NO,NO,NO,NO,YES,0,0,5.31,NO,NO,NO,NO,NO,NO,NO,YES,0,0,0,0,0,0,YES,0,0,0,1,BENIGN
NO,NO,NO,NO,NO,NO,NO,NO,YES,YES,YES,0,1,5.29,NO,NO,NO,NO,NO,NO,NO,YES,0,0,0,0,0,0,YES,0,0,0,9,BENIGN
YES,NO,NO,NO,NO,YES,NO,NO,YES,YES,YES,0,11,5.09,YES,NO,NO,YES,YES,NO,NO,YES,0,0,0,4,0,1,NO,0,0,0,31,BENIGN
NO,NO,NO,NO,NO,NO,NO,NO,NO,NO,NO,0,0,5.31,NO,NO,NO,NO,NO,NO,NO,NO,0,0,1,0,0,0,YES,1,0,0,15,BENIGN
NO,NO,YES,NO,NO,NO,NO,NO,NO,YES,NO,0,3,4.98,NO,NO,NO,NO,NO,NO,NO,NO,0,0,0,0,0,0,NO,0,0,0,1,BENIGN
NO,NO,NO,NO,NO,NO,NO,NO,NO,YES,YES,0,2,4.65,NO,NO,NO,NO,NO,NO,NO,NO,0,0,0,0,1,0,NO,0,0,0,0,BENIGN
NO,NO,NO,NO,NO,NO,NO,NO,YES,NO,YES,0,2,5.1,NO,NO,NO,NO,NO,NO,NO,NO,0,0,0,0,0,0,NO,0,0,0,0,BENIGN
NO,NO,NO,NO,NO,NO,NO,NO,YES,NO,YES,0,2,5.54,NO,NO,NO,NO,NO,NO,NO,NO,0,0,0,0,0,0,NO,0,0,0,1,BENIGN
NO,NO,NO,NO,NO,NO,NO,NO,YES,YES,YES,0,10,4.73,NO,NO,NO,NO,YES,NO,NO,YES,0,0,0,0,0,0,NO,0,0,0,6,BENIGN
NO,NO,NO,NO,YES,NO,NO,NO,YES,YES,YES,0,3,5.1,NO,NO,NO,NO,NO,NO,NO,YES,0,1,0,0,0,0,YES,0,0,0,0,BENIGN
NO,NO,NO,NO,NO,YES,NO,NO,NO,YES,NO,0,1,5.41,NO,NO,NO,NO,NO,NO,NO,NO,0,0,1,0,1,0,YES,0,0,0,3,BENIGN
NO,NO,NO,NO,NO,NO,NO,NO,YES,YES,YES,0,1,5.4,NO,NO,NO,NO,NO,NO,NO,NO,0,0,0,0,0,0,NO,0,0,0,3,BENIGN
NO,NO,NO,NO,NO,YES,NO,YES,YES,YES,NO,0,8,4.91,NO,NO,NO,YES,YES,NO,NO,YES,0,1,0,4,0,1,NO,2,0,2,19,BENIGN
NO,YES,NO,NO,NO,YES,NO,NO,YES,YES,YES,0,4,5.48,NO,NO,NO,NO,NO,NO,NO,NO,0,0,1,0,0,1,YES,0,0,0,7,BENIGN
NO,NO,NO,NO,NO,NO,NO,NO,YES,NO,YES,0,1,5.28,NO,NO,NO,NO,NO,NO,NO,NO,0,0,0,0,0,0,NO,0,0,0,1,BENIGN
NO,NO,NO,NO,NO,NO,NO,NO,YES,YES,YES,0,2,4.91,NO,NO,NO,NO,NO,NO,NO,YES,0,0,0,0,0,0,NO,0,0,0,1,BENIGN
NO,NO,NO,NO,NO,NO,NO,YES,YES,YES,YES,0,71,4.3,NO,NO,NO,NO,NO,NO,NO,YES,0,0,0,7,0,0,YES,2,1,0,16,BENIGN
NO,NO,NO,NO,NO,NO,NO,NO,NO,YES,YES,0,1,4.83,NO,NO,NO,NO,NO,NO,NO,YES,0,0,0,0,0,0,NO,0,0,0,0,BENIGN
NO,NO,NO,NO,NO,YES,NO,NO,YES,YES,YES,0,6,5.1,NO,NO,NO,YES,NO,NO,NO,YES,0,0,0,0,0,0,NO,0,0,0,17,BENIGN
NO,NO,NO,NO,NO,NO,NO,NO,YES,YES,NO,0,2,5.37,NO,NO,NO,NO,NO,NO,NO,NO,0,0,0,0,0,0,YES,0,0,0,1,BENIGN
NO,YES,NO,NO,NO,NO,NO,NO,NO,YES,NO,0,1,5.64,NO,NO,NO,NO,NO,NO,NO,YES,0,0,1,0,0,1,YES,0,0,0,58,BENIGN
NO,NO,NO,NO,NO,NO,NO,NO,NO,YES,YES,0,3,4.79,NO,NO,NO,NO,YES,NO,NO,YES,0,0,1,1,0,4,YES,0,0,0,4,BENIGN
NO,NO,NO,NO,NO,YES,NO,NO,YES,YES,YES,0,4,5.37,NO,NO,NO,NO,NO,NO,NO,YES,0,0,0,4,0,4,YES,0,0,0,332,BENIGN
YES,NO,NO,NO,NO,NO,NO,NO,YES,YES,YES,0,4,4.83,YES,NO,NO,NO,NO,NO,NO,NO,0,0,0,1,0,0,NO,0,0,0,2,BENIGN
NO,NO,NO,NO,NO,NO,NO,NO,NO,YES,NO,0,4,5.33,NO,NO,NO,NO,YES,NO,NO,NO,0,0,0,2,0,0,NO,0,0,0,5,BENIGN
NO,NO,YES,NO,NO,YES,NO,NO,NO,YES,YES,0,4,4.18,NO,NO,NO,NO,NO,NO,NO,NO,0,0,0,0,0,1,NO,2,0,0,3,BENIGN
YES,NO,NO,NO,NO,YES,NO,NO,YES,YES,YES,0,5,5.39,NO,NO,NO,NO,NO,NO,NO,YES,0,0,0,6,0,1,YES,0,0,0,8,BENIGN
NO,NO,NO,NO,NO,NO,NO,NO,YES,NO,YES,0,2,5.24,NO,NO,NO,NO,NO,NO,NO,NO,0,0,2,0,0,0,YES,0,0,0,4,BENIGN
NO,NO,NO,NO,NO,NO,NO,NO,NO,YES,NO,0,1,5.17,NO,NO,NO,NO,NO,NO,NO,NO,0,0,0,0,0,1,NO,0,0,0,0,BENIGN
NO,NO,NO,NO,NO,YES,NO,NO,YES,YES,YES,0,2,5.39,NO,NO,NO,NO,NO,NO,NO,YES,0,0,0,0,0,0,NO,0,0,0,1,BENIGN
NO,NO,NO,NO,NO,YES,NO,NO,YES,YES,YES,0,4,4.9,NO,NO,NO,NO,YES,NO,NO,YES,0,0,0,1,0,2,NO,0,0,0,11,BENIGN
NO,NO,NO,NO,NO,YES,NO,NO,NO,YES,YES,0,1,4.89,NO,NO,NO,NO,NO,NO,NO,YES,0,0,0,0,0,0,YES,0,0,0,0,BENIGN
NO,YES,NO,NO,NO,YES,NO,NO,NO,YES,YES,0,3,4.69,NO,NO,YES,NO,NO,NO,NO,YES,0,0,1,11,0,1,YES,0,0,0,20,BENIGN
YES,YES,NO,YES,NO,YES,NO,YES,NO,YES,YES,0,13,5.53,YES,NO,NO,NO,YES,NO,NO,YES,0,2,1,0,0,1,YES,0,4,0,5,BENIGN
NO,NO,NO,NO,NO,NO,NO,NO,YES,YES,YES,0,1,5.6,NO,NO,NO,NO,NO,NO,NO,YES,0,0,0,1,0,0,YES,0,7,0,2,BENIGN
NO,NO,NO,NO,NO,NO,NO,YES,YES,YES,NO,0,2,5.42,NO,NO,NO,NO,NO,NO,NO,NO,0,0,1,0,0,0,YES,0,0,0,3,BENIGN
NO,NO,NO,NO,NO,NO,NO,NO,YES,YES,YES,0,7,5.11,NO,NO,NO,NO,NO,NO,NO,YES,0,0,2,3,0,0,YES,0,0,0,18,BENIGN
NO,NO,NO,NO,NO,NO,NO,NO,YES,NO,NO,0,4,5.26,NO,NO,NO,NO,NO,NO,NO,NO,0,0,0,0,0,0,YES,0,0,0,1,BENIGN
NO,NO,NO,NO,NO,NO,NO,YES,YES,YES,NO,0,3,4.64,NO,NO,NO,NO,NO,NO,NO,NO,0,0,0,0,0,0,NO,0,0,0,2,BENIGN
YES,YES,NO,NO,NO,NO,NO,NO,YES,YES,YES,0,4,5.15,YES,NO,NO,NO,NO,NO,NO,NO,0,0,0,4,0,0,NO,0,0,0,3,BENIGN
NO,NO,NO,NO,NO,NO,NO,NO,NO,YES,YES,0,2,5.07,NO,NO,NO,NO,NO,NO,NO,NO,0,0,0,0,0,1,NO,0,0,0,1,BENIGN
YES,YES,NO,NO,NO,YES,NO,YES,YES,YES,YES,0,10,5.4,YES,NO,NO,YES,YES,NO,NO,NO,0,0,0,0,1,0,YES,0,0,0,14,BENIGN
YES,NO,YES,NO,NO,YES,NO,NO,YES,YES,YES,0,11,4.71,YES,NO,NO,YES,YES,NO,NO,YES,0,0,0,3,0,0,YES,2,0,0,29,BENIGN
NO,NO,NO,NO,NO,YES,NO,NO,YES,YES,NO,0,8,5.53,NO,NO,NO,NO,NO,NO,NO,NO,0,0,0,4,0,2,YES,0,0,0,4,BENIGN
YES,YES,NO,NO,NO,YES,NO,NO,YES,YES,YES,0,6,5.39,YES,NO,NO,NO,YES,NO,NO,YES,0,1,3,1,0,1,YES,1,0,0,5,BENIGN
NO,NO,NO,NO,NO,NO,NO,NO,NO,YES,NO,0,0,6.14,NO,NO,NO,NO,NO,NO,NO,NO,0,0,0,0,0,0,YES,0,3,0,8,BENIGN
NO,NO,NO,NO,NO,NO,NO,NO,NO,YES,NO,0,0,4.88,NO,NO,NO,NO,NO,NO,NO,NO,0,0,0,0,0,0,NO,0,0,0,0,BENIGN
NO,YES,NO,NO,NO,NO,NO,NO,YES,YES,YES,1,1,5.22,NO,NO,NO,NO,NO,NO,NO,YES,0,1,0,0,0,0,NO,0,0,0,7,BENIGN
YES,NO,NO,NO,NO,NO,NO,NO,YES,YES,YES,0,19,5.43,YES,NO,NO,NO,NO,NO,NO,NO,0,0,0,4,0,20,YES,0,0,0,3,BENIGN
NO,NO,NO,NO,NO,NO,NO,NO,YES,NO,YES,0,3,4.61,NO,NO,NO,NO,NO,NO,NO,NO,0,0,0,0,0,0,NO,0,0,0,10,BENIGN
NO,NO,NO,NO,NO,NO,NO,NO,YES,YES,NO,0,4,5.35,NO,NO,NO,NO,YES,NO,NO,YES,0,1,8,2,0,0,NO,0,0,0,7,BENIGN
NO,NO,NO,NO,NO,YES,NO,NO,YES,YES,NO,0,3,5.78,NO,NO,NO,NO,NO,NO,NO,NO,0,0,1,0,0,0,NO,0,0,0,4,BENIGN
YES,NO,NO,NO,NO,YES,NO,NO,NO,YES,NO,9,5,5.32,NO,YES,NO,YES,NO,NO,NO,NO,0,0,4,0,0,0,NO,2,0,0,4,BENIGN
NO,YES,NO,NO,NO,YES,NO,NO,YES,YES,YES,0,6,5.44,NO,NO,NO,NO,YES,NO,NO,YES,0,0,2,0,0,0,YES,0,0,0,7,BENIGN
NO,YES,YES,NO,NO,YES,NO,YES,YES,YES,NO,0,9,5.49,NO,NO,NO,NO,NO,NO,NO,NO,0,2,0,0,0,0,YES,1,1,0,10,BENIGN
NO,NO,YES,NO,NO,NO,NO,NO,YES,YES,YES,0,16,5.44,NO,NO,NO,NO,NO,NO,NO,YES,0,0,1,0,0,0,YES,3,0,0,16,BENIGN
YES,YES,NO,NO,NO,NO,NO,NO,NO,YES,YES,0,3,5.26,YES,NO,NO,NO,NO,NO,NO,NO,0,0,0,0,1,0,NO,0,0,0,3,BENIGN
NO,NO,NO,NO,NO,NO,NO,NO,NO,NO,YES,0,0,0.0,NO,NO,NO,NO,NO,NO,NO,NO,0,0,0,0,0,0,NO,0,0,0,0,BENIGN
NO,NO,YES,NO,NO,NO,NO,NO,NO,YES,YES,0,4,4.9,NO,NO,NO,NO,NO,NO,NO,YES,0,0,1,0,0,0,NO,0,0,0,21,BENIGN
NO,NO,NO,NO,NO,YES,YES,NO,NO,YES,NO,0,6,5.31,NO,NO,YES,NO,YES,NO,NO,NO,0,0,0,0,0,0,YES,0,0,0,53,BENIGN
NO,YES,YES,NO,NO,YES,NO,NO,YES,YES,YES,1,4,5.63,NO,NO,NO,NO,NO,NO,NO,YES,2,1,2,1,0,0,NO,6,0,0,1,BENIGN
NO,NO,NO,NO,NO,NO,NO,NO,NO,NO,YES,0,0,5.25,NO,NO,NO,NO,NO,NO,NO,YES,0,0,0,0,0,0,YES,0,0,0,5,BENIGN
NO,YES,NO,NO,NO,NO,NO,NO,YES,YES,YES,0,6,5.47,NO,NO,NO,NO,YES,NO,NO,YES,0,0,3,0,0,0,NO,0,0,0,8,BENIGN
NO,NO,NO,NO,YES,NO,NO,NO,YES,YES,YES,0,5,5.48,NO,NO,NO,YES,NO,NO,NO,NO,0,0,1,2,0,0,NO,0,0,0,9,BENIGN
NO,NO,NO,NO,NO,NO,NO,NO,NO,YES,NO,0,0,5.09,NO,NO,NO,NO,NO,NO,NO,NO,0,0,0,0,0,0,NO,0,0,0,2,BENIGN
NO,NO,NO,NO,NO,NO,NO,NO,NO,YES,NO,0,2,5.39,NO,NO,NO,NO,NO,NO,NO,NO,1,0,2,1,0,0,YES,0,0,0,7,BENIGN
NO,NO,NO,NO,NO,NO,NO,NO,YES,YES,NO,0,2,5.01,NO,NO,NO,NO,NO,YES,NO,NO,0,0,0,0,0,0,NO,0,0,0,11,BENIGN
NO,NO,NO,NO,NO,NO,NO,NO,NO,YES,YES,0,3,5.44,NO,NO,NO,NO,NO,NO,NO,YES,0,0,1,0,0,1,YES,0,0,0,0,BENIGN
NO,NO,NO,NO,NO,NO,NO,NO,NO,NO,YES,0,2,5.45,NO,NO,NO,NO,NO,NO,NO,YES,0,0,2,0,0,0,YES,3,0,0,1,BENIGN
YES,YES,YES,NO,NO,YES,NO,NO,YES,YES,YES,0,8,5.0,YES,NO,NO,NO,NO,NO,NO,NO,0,0,0,1,0,5,YES,0,0,0,13,BENIGN
NO,YES,NO,NO,NO,YES,NO,NO,YES,YES,NO,0,3,4.75,NO,NO,NO,NO,NO,NO,NO,YES,0,0,0,5,0,7,YES,0,2,0,25,BENIGN
NO,NO,NO,NO,NO,NO,NO,NO,NO,YES,NO,0,2,6.0,NO,NO,NO,NO,YES,NO,NO,NO,0,0,0,1,0,3,NO,0,0,0,3,BENIGN
NO,NO,NO,NO,NO,NO,NO,NO,YES,YES,YES,0,1,4.86,NO,NO,NO,NO,NO,NO,NO,YES,0,0,1,0,0,0,NO,0,0,0,5,BENIGN
NO,NO,NO,NO,NO,NO,NO,NO,NO,NO,NO,0,1,5.37,NO,NO,YES,NO,NO,NO,NO,NO,0,0,1,0,0,0,YES,0,0,0,2,BENIGN
YES,YES,NO,NO,NO,YES,NO,NO,NO,YES,NO,0,4,5.22,NO,NO,NO,NO,NO,NO,NO,NO,0,0,0,1,0,0,NO,0,0,0,5,BENIGN
NO,NO,NO,NO,NO,NO,NO,NO,NO,NO,YES,0,2,5.55,NO,NO,NO,NO,NO,NO,NO,NO,0,0,0,1,0,0,NO,0,5,0,3,BENIGN
NO,NO,NO,NO,NO,NO,NO,NO,YES,YES,NO,0,1,5.32,NO,NO,NO,NO,NO,NO,NO,YES,0,0,1,1,0,0,YES,0,0,0,1,BENIGN
NO,NO,NO,NO,NO,YES,NO,NO,YES,YES,NO,0,6,4.4,NO,NO,NO,NO,YES,NO,NO,NO,0,0,0,0,0,0,NO,0,0,0,5,BENIGN
YES,YES,NO,NO,NO,YES,NO,NO,YES,YES,NO,0,9,5.37,YES,NO,NO,NO,NO,NO,NO,NO,0,0,0,0,0,0,YES,0,0,0,3,BENIGN
NO,NO,NO,NO,NO,YES,NO,NO,NO,YES,NO,0,3,5.31,NO,NO,NO,NO,NO,NO,NO,NO,0,0,0,0,0,0,YES,0,0,0,1,BENIGN
NO,NO,NO,NO,NO,YES,NO,NO,YES,YES,NO,0,8,5.2,NO,NO,NO,NO,YES,NO,NO,NO,0,0,0,0,0,0,YES,0,0,0,31,BENIGN
NO,YES,NO,NO,NO,YES,NO,NO,YES,YES,YES,0,4,5.33,NO,NO,NO,NO,NO,NO,NO,YES,0,0,0,0,0,4,YES,0,0,0,1,BENIGN
NO,NO,NO,NO,NO,NO,NO,NO,YES,YES,NO,0,4,5.25,NO,NO,NO,NO,NO,NO,NO,NO,0,0,1,4,0,0,YES,0,0,0,19,BENIGN
NO,NO,NO,NO,NO,YES,NO,NO,YES,YES,NO,0,4,5.27,NO,NO,YES,NO,NO,NO,NO,NO,0,0,0,0,0,0,YES,0,0,0,3,BENIGN
YES,NO,NO,NO,NO,YES,NO,NO,NO,YES,YES,0,2,4.99,NO,NO,NO,NO,NO,NO,NO,YES,0,0,0,0,0,0,NO,0,0,0,21,BENIGN
NO,NO,NO,NO,NO,YES,NO,NO,YES,YES,YES,0,7,5.33,NO,NO,NO,NO,NO,NO,NO,YES,0,0,0,1,0,0,YES,0,0,0,11,BENIGN
NO,YES,YES,YES,NO,YES,NO,NO,YES,YES,YES,1,9,5.92,NO,NO,NO,NO,YES,NO,YES,YES,0,0,0,0,0,0,YES,0,4,0,4,BENIGN
NO,YES,NO,NO,NO,YES,NO,NO,YES,YES,NO,0,8,5.13,NO,NO,NO,YES,YES,NO,NO,NO,0,1,0,0,0,4,NO,0,2,0,19,BENIGN
NO,YES,NO,NO,NO,YES,NO,NO,YES,YES,NO,0,6,5.36,NO,NO,NO,NO,NO,NO,NO,YES,0,0,1,0,0,0,NO,0,0,0,5,BENIGN
NO,NO,NO,NO,NO,NO,NO,NO,NO,NO,NO,0,0,5.06,NO,NO,NO,NO,NO,NO,NO,NO,1,0,0,0,0,0,YES,0,0,0,17,BENIGN
NO,NO,NO,NO,NO,YES,NO,NO,YES,YES,YES,0,4,5.43,NO,NO,NO,NO,NO,NO,NO,YES,0,0,0,0,0,0,YES,0,0,0,3,BENIGN
NO,NO,NO,NO,NO,NO,NO,NO,NO,YES,NO,0,2,5.31,NO,NO,NO,NO,YES,NO,NO,YES,0,0,0,2,0,0,YES,0,0,0,3,BENIGN
NO,NO,NO,NO,NO,YES,NO,NO,NO,YES,NO,0,3,5.51,NO,NO,NO,NO,YES,NO,NO,NO,0,0,0,0,0,0,YES,0,0,0,7,BENIGN
NO,NO,NO,NO,NO,NO,NO,NO,YES,YES,NO,0,2,4.97,NO,NO,NO,NO,NO,NO,NO,NO,0,0,0,0,0,2,YES,0,0,0,0,BENIGN
NO,NO,NO,NO,NO,NO,NO,NO,YES,YES,YES,0,4,5.15,NO,NO,NO,NO,NO,NO,NO,NO,0,1,0,4,0,2,YES,0,0,0,3,BENIGN
YES,NO,NO,NO,YES,YES,NO,NO,YES,YES,YES,0,8,5.64,NO,NO,NO,NO,NO,NO,NO,YES,0,0,1,0,0,0,NO,0,2,0,11,BENIGN
NO,NO,NO,NO,NO,NO,NO,NO,YES,YES,NO,0,10,5.67,NO,NO,YES,YES,YES,NO,NO,YES,0,0,2,1,0,0,YES,0,0,0,3,BENIGN
NO,YES,NO,NO,NO,NO,NO,NO,YES,YES,YES,0,4,5.17,NO,NO,NO,NO,NO,NO,NO,YES,0,0,0,0,0,0,YES,0,0,0,6,BENIGN
NO,NO,NO,NO,NO,YES,NO,NO,YES,YES,YES,0,6,4.6,NO,NO,NO,NO,YES,NO,NO,YES,0,0,0,1,0,0,YES,0,0,0,26,BENIGN
YES,YES,YES,NO,NO,YES,NO,NO,YES,YES,YES,0,10,5.32,YES,NO,NO,NO,NO,NO,NO,NO,0,2,0,6,0,1,NO,0,0,0,21,BENIGN
NO,NO,NO,NO,NO,NO,NO,NO,NO,YES,NO,2,0,5.3,NO,NO,NO,NO,NO,NO,NO,NO,0,0,0,1,0,0,YES,0,1,0,3,BENIGN
NO,NO,NO,NO,NO,NO,NO,NO,NO,YES,NO,0,3,4.66,NO,NO,NO,NO,NO,NO,NO,NO,0,0,0,3,0,1,NO,0,1,0,15,BENIGN
NO,YES,NO,NO,NO,YES,NO,NO,YES,YES,YES,0,3,5.33,NO,NO,NO,NO,NO,NO,NO,YES,0,2,0,6,0,0,NO,3,0,0,8,BENIGN
NO,NO,NO,NO,NO,NO,NO,NO,YES,YES,NO,0,5,5.28,NO,NO,NO,NO,YES,NO,NO,NO,0,0,1,0,0,0,YES,0,0,0,7,BENIGN
NO,NO,NO,NO,NO,YES,NO,NO,YES,YES,YES,0,13,5.1,NO,NO,NO,NO,NO,NO,NO,NO,0,0,3,0,0,3,NO,2,1,0,2,BENIGN
NO,NO,NO,NO,NO,NO,NO,NO,NO,YES,NO,0,1,5.13,NO,NO,NO,NO,NO,NO,NO,NO,0,0,0,0,0,1,NO,2,0,0,1,BENIGN
NO,NO,NO,NO,NO,YES,NO,NO,YES,YES,NO,0,3,5.37,NO,NO,NO,NO,NO,NO,NO,NO,0,0,0,1,0,0,YES,0,0,0,2,BENIGN
NO,NO,NO,NO,NO,NO,NO,NO,NO,YES,YES,0,2,5.42,NO,NO,NO,NO,YES,NO,NO,NO,0,0,6,0,0,0,NO,0,0,0,1,BENIGN
YES,YES,NO,NO,NO,NO,NO,NO,YES,YES,YES,0,4,5.58,YES,NO,NO,NO,NO,NO,NO,NO,0,0,0,0,0,0,YES,0,0,0,3,BENIGN
YES,NO,YES,NO,NO,YES,NO,NO,YES,YES,YES,0,8,5.4,YES,NO,NO,NO,NO,NO,NO,YES,0,0,0,1,0,0,NO,1,1,0,5,BENIGN
NO,NO,NO,NO,NO,NO,NO,NO,YES,YES,YES,2,5,4.82,NO,NO,NO,NO,YES,NO,YES,NO,0,0,0,5,0,0,NO,0,0,0,8,BENIGN
NO,NO,NO,NO,NO,NO,NO,NO,NO,YES,NO,0,2,5.38,NO,NO,NO,NO,NO,NO,NO,NO,0,0,2,0,0,0,YES,0,0,0,5,BENIGN
NO,NO,NO,NO,NO,NO,NO,NO,NO,YES,YES,0,2,5.2,NO,NO,NO,NO,NO,NO,NO,NO,0,1,1,0,0,0,YES,0,0,0,17,BENIGN
NO,NO,NO,NO,NO,YES,NO,NO,YES,YES,NO,0,6,4.87,NO,NO,NO,YES,YES,NO,NO,NO,0,0,0,0,0,7,NO,0,0,0,6,BENIGN
YES,NO,NO,NO,NO,YES,YES,NO,NO,YES,YES,0,10,5.32,NO,NO,NO,NO,NO,NO,NO,NO,0,0,2,1,0,0,YES,0,0,0,2,BENIGN
NO,YES,NO,NO,NO,YES,NO,NO,NO,YES,YES,0,2,5.17,NO,NO,NO,NO,NO,NO,NO,YES,4,0,0,2,0,0,YES,0,0,0,0,BENIGN
NO,NO,YES,NO,NO,YES,NO,NO,YES,YES,YES,0,5,5.2,NO,NO,NO,NO,NO,NO,NO,YES,0,0,0,3,0,0,YES,0,0,0,11,BENIGN
NO,NO,NO,NO,NO,NO,NO,NO,NO,NO,NO,0,0,4.78,NO,NO,NO,NO,NO,NO,NO,NO,0,0,0,1,0,0,YES,0,0,0,0,BENIGN
NO,NO,NO,NO,NO,NO,NO,NO,NO,NO,NO,0,0,3.76,NO,NO,NO,NO,NO,NO,NO,NO,0,0,0,0,0,0,NO,0,0,0,0,BENIGN
NO,YES,NO,NO,NO,NO,NO,NO,NO,YES,YES,0,2,5.26,NO,NO,NO,NO,NO,NO,NO,YES,0,0,0,0,0,0,YES,0,2,0,0,BENIGN
YES,NO,NO,NO,NO,YES,NO,NO,YES,YES,YES,0,8,4.88,YES,NO,NO,YES,NO,NO,NO,YES,0,0,0,1,0,0,NO,0,0,0,12,BENIGN
NO,NO,NO,NO,NO,NO,NO,NO,YES,YES,YES,0,6,5.31,NO,NO,YES,NO,NO,NO,NO,YES,0,1,1,1,0,0,YES,0,1,0,7,BENIGN
NO,NO,NO,NO,NO,YES,NO,NO,NO,YES,NO,0,2,4.93,NO,NO,NO,NO,NO,NO,NO,NO,0,0,0,0,0,0,NO,0,0,0,5,BENIGN
NO,NO,NO,NO,NO,NO,NO,NO,YES,NO,NO,0,1,5.11,NO,NO,NO,NO,NO,NO,NO,NO,0,0,0,0,0,0,YES,0,0,0,0,BENIGN
NO,NO,NO,NO,NO,NO,NO,NO,YES,YES,YES,0,3,5.03,NO,NO,NO,NO,YES,NO,NO,YES,0,0,0,0,0,1,NO,0,0,0,1,BENIGN
YES,NO,NO,NO,NO,NO,NO,NO,NO,YES,YES,0,2,4.72,NO,NO,NO,NO,NO,NO,NO,NO,0,0,0,4,0,0,NO,0,0,0,1,BENIGN
YES,YES,NO,NO,NO,YES,NO,NO,YES,YES,YES,0,8,5.38,YES,NO,NO,YES,NO,NO,NO,NO,0,0,0,0,0,0,YES,0,0,0,5,BENIGN
NO,NO,NO,NO,NO,NO,NO,NO,NO,YES,NO,0,1,5.3,NO,NO,NO,NO,NO,NO,NO,YES,0,0,0,0,0,0,NO,0,0,1,9,BENIGN
NO,NO,NO,NO,NO,NO,NO,NO,YES,YES,YES,0,4,4.96,NO,NO,NO,NO,NO,NO,NO,YES,1,0,0,4,0,1,NO,0,0,0,2,BENIGN
YES,YES,NO,NO,NO,YES,NO,NO,YES,YES,YES,0,6,5.34,YES,NO,NO,YES,NO,NO,NO,YES,0,0,1,0,0,0,YES,0,0,0,1,BENIGN
YES,NO,NO,NO,NO,YES,YES,NO,YES,YES,YES,0,12,5.37,YES,NO,NO,NO,YES,NO,NO,YES,0,0,0,0,0,0,YES,0,0,0,1,BENIGN
NO,NO,NO,NO,NO,NO,NO,NO,NO,YES,YES,0,3,5.16,NO,NO,NO,NO,NO,NO,NO,NO,47,0,0,8,0,0,NO,0,0,0,6,BENIGN
NO,NO,YES,NO,NO,NO,NO,NO,NO,NO,YES,0,3,5.19,NO,NO,NO,NO,NO,NO,NO,YES,0,0,1,1,0,0,NO,0,0,0,12,BENIGN
NO,NO,NO,NO,NO,NO,NO,NO,NO,NO,NO,0,4,5.31,NO,NO,NO,NO,NO,NO,NO,NO,0,0,0,4,0,0,YES,0,0,0,7,BENIGN
NO,NO,NO,NO,NO,NO,NO,NO,NO,NO,NO,0,0,5.36,NO,NO,NO,NO,NO,NO,NO,NO,0,0,0,0,0,0,YES,0,0,0,4,BENIGN
NO,NO,NO,NO,NO,YES,NO,NO,YES,YES,YES,0,3,5.32,NO,NO,NO,NO,NO,NO,NO,YES,0,0,0,0,0,0,YES,0,0,0,0,BENIGN
NO,NO,NO,NO,NO,NO,NO,NO,YES,YES,NO,0,4,5.31,NO,NO,NO,NO,NO,NO,NO,NO,0,0,0,4,0,1,YES,0,0,0,2,BENIGN
NO,NO,NO,NO,NO,NO,NO,NO,NO,YES,NO,0,0,5.57,NO,NO,NO,NO,NO,NO,NO,NO,0,0,1,0,0,0,YES,0,0,0,18,BENIGN
NO,NO,NO,NO,NO,NO,NO,NO,YES,YES,YES,1,2,5.52,NO,NO,NO,NO,NO,NO,NO,YES,0,0,0,4,0,0,NO,0,3,0,52,BENIGN
NO,NO,NO,NO,NO,YES,NO,NO,YES,YES,YES,0,9,5.11,NO,NO,NO,NO,NO,NO,NO,YES,0,0,2,1,0,5,NO,3,0,0,14,BENIGN
NO,NO,NO,NO,NO,NO,NO,NO,NO,YES,YES,0,2,5.1,NO,NO,NO,NO,NO,NO,NO,YES,0,0,0,0,0,0,NO,0,0,0,20,BENIGN
YES,YES,NO,NO,NO,NO,NO,NO,NO,YES,YES,0,3,5.37,YES,NO,NO,NO,NO,NO,NO,YES,0,0,0,1,0,0,YES,0,0,0,7,BENIGN
NO,YES,NO,NO,NO,NO,NO,NO,YES,YES,NO,0,3,5.36,NO,NO,NO,YES,NO,NO,NO,YES,0,0,0,0,0,3,YES,0,0,0,5,BENIGN
NO,NO,NO,NO,NO,NO,NO,YES,NO,YES,NO,0,3,4.6,NO,NO,NO,NO,YES,NO,NO,NO,0,0,0,0,0,0,NO,0,0,0,3,BENIGN
NO,NO,NO,NO,NO,NO,NO,NO,YES,YES,NO,0,2,5.32,NO,NO,NO,NO,NO,NO,NO,NO,0,0,0,0,0,0,YES,0,0,0,5,BENIGN
NO,YES,NO,NO,NO,YES,NO,NO,YES,YES,YES,0,4,5.48,NO,NO,NO,NO,NO,NO,NO,YES,0,2,0,0,0,5,YES,0,0,0,4,BENIGN
NO,NO,NO,NO,NO,YES,NO,NO,NO,YES,NO,0,2,5.45,NO,NO,NO,NO,NO,NO,NO,NO,0,0,1,0,0,0,YES,0,0,0,3,BENIGN
NO,NO,NO,NO,NO,NO,NO,NO,YES,YES,YES,0,7,5.25,NO,NO,NO,NO,NO,NO,NO,YES,0,0,0,30,0,2,NO,3,2,0,15,BENIGN
NO,NO,NO,NO,NO,NO,NO,NO,NO,YES,NO,0,0,5.3,NO,NO,NO,NO,NO,NO,NO,NO,0,0,0,0,0,0,YES,0,0,0,1,BENIGN
NO,NO,NO,NO,NO,NO,NO,NO,NO,NO,YES,0,0,4.91,NO,NO,NO,NO,NO,NO,NO,NO,0,0,0,0,0,0,NO,0,0,0,0,BENIGN
NO,NO,NO,NO,NO,NO,NO,NO,YES,YES,NO,0,3,5.54,NO,NO,NO,NO,YES,NO,NO,YES,0,0,0,4,0,1,YES,0,1,0,1,BENIGN
YES,NO,NO,NO,NO,NO,NO,NO,YES,YES,YES,0,156,5.38,NO,NO,NO,NO,NO,NO,NO,NO,0,0,1,4,0,0,NO,0,0,0,9,BENIGN
NO,NO,NO,NO,NO,NO,NO,NO,NO,YES,NO,0,1,5.19,NO,NO,NO,NO,NO,NO,NO,NO,0,0,0,0,0,0,NO,0,0,0,1,BENIGN
YES,YES,YES,NO,NO,YES,NO,NO,YES,YES,YES,0,13,3.98,YES,NO,YES,YES,YES,YES,NO,YES,0,0,0,0,0,0,NO,5,0,0,6,BENIGN
NO,NO,YES,NO,NO,YES,NO,NO,NO,YES,YES,0,21,5.48,NO,NO,NO,NO,NO,NO,NO,NO,0,0,0,2,0,1,YES,7,0,0,6,BENIGN
NO,NO,NO,NO,NO,NO,NO,NO,YES,YES,YES,0,2,5.43,NO,NO,NO,NO,NO,NO,NO,YES,0,0,1,0,0,0,NO,0,0,0,7,BENIGN
NO,NO,NO,NO,NO,NO,NO,NO,NO,YES,NO,0,1,4.89,NO,NO,NO,NO,NO,NO,NO,NO,0,0,0,1,0,1,NO,0,1,0,4,BENIGN
NO,NO,NO,NO,NO,NO,NO,NO,NO,NO,NO,0,0,5.39,NO,NO,NO,NO,NO,NO,NO,NO,0,0,0,0,0,0,YES,0,0,0,13,BENIGN
NO,NO,NO,NO,NO,NO,NO,NO,YES,YES,NO,0,4,5.35,NO,NO,NO,NO,YES,NO,NO,NO,0,1,0,7,0,1,YES,0,1,0,7,BENIGN
NO,NO,NO,NO,NO,NO,NO,NO,NO,YES,NO,0,0,5.53,NO,NO,NO,NO,NO,NO,NO,NO,0,0,0,0,0,0,YES,0,0,0,2,BENIGN
YES,NO,YES,NO,NO,NO,NO,NO,YES,YES,YES,0,7,5.3,YES,NO,NO,NO,NO,NO,NO,YES,0,1,4,0,0,0,NO,0,0,0,4,BENIGN
YES,YES,NO,NO,NO,YES,YES,YES,YES,YES,YES,0,15,5.41,YES,NO,NO,YES,YES,NO,NO,NO,0,4,0,2,0,1,NO,0,0,0,118,BENIGN
YES,NO,NO,NO,NO,NO,NO,NO,NO,YES,NO,0,4,5.34,YES,NO,NO,NO,NO,NO,NO,NO,0,0,2,0,0,0,YES,0,0,0,9,BENIGN
NO,NO,NO,NO,NO,NO,NO,NO,NO,YES,YES,0,1,4.94,NO,NO,NO,NO,YES,NO,NO,NO,0,0,0,3,0,0,NO,0,0,0,3,BENIGN
NO,YES,NO,NO,NO,YES,NO,NO,YES,YES,NO,0,6,5.13,NO,NO,NO,NO,NO,NO,NO,YES,0,0,0,0,0,0,NO,0,0,0,3,BENIGN
NO,NO,NO,NO,NO,NO,NO,NO,YES,NO,NO,0,4,5.45,NO,NO,NO,NO,NO,NO,NO,NO,0,0,0,0,0,0,YES,0,0,0,6,BENIGN
NO,NO,NO,NO,NO,YES,NO,NO,NO,NO,NO,0,2,5.39,NO,NO,NO,NO,NO,NO,NO,NO,0,0,0,0,0,0,YES,0,0,0,0,BENIGN
YES,YES,NO,NO,NO,NO,NO,YES,YES,YES,NO,0,6,4.71,YES,NO,NO,YES,NO,NO,NO,YES,0,0,0,2,0,0,YES,0,0,0,4,BENIGN
YES,YES,NO,NO,NO,YES,NO,YES,YES,YES,NO,0,8,5.21,YES,NO,NO,NO,YES,NO,NO,NO,0,0,3,1,0,0,NO,0,0,0,2,BENIGN
NO,NO,NO,NO,NO,NO,NO,NO,YES,YES,YES,0,1,5.09,NO,NO,NO,NO,NO,NO,NO,YES,0,0,0,0,0,0,NO,0,0,0,18,BENIGN
NO,NO,NO,NO,NO,YES,YES,NO,YES,YES,YES,0,7,5.27,NO,NO,NO,NO,YES,NO,NO,YES,0,0,0,0,0,33,NO,0,0,0,14,BENIGN
NO,YES,NO,NO,NO,NO,NO,NO,YES,YES,YES,1,3,4.67,NO,YES,NO,NO,NO,NO,NO,NO,0,0,0,0,0,2,NO,0,0,0,2,BENIGN
NO,NO,NO,NO,NO,NO,NO,NO,YES,NO,YES,0,1,5.38,NO,NO,NO,NO,NO,NO,NO,YES,0,0,2,0,0,0,YES,0,0,0,5,BENIGN
NO,NO,NO,NO,NO,NO,NO,NO,YES,YES,YES,0,5,5.31,NO,NO,NO,NO,YES,NO,NO,YES,0,0,0,1,0,0,NO,0,0,0,2,BENIGN
YES,NO,YES,NO,NO,YES,YES,NO,YES,YES,YES,0,13,5.0,YES,NO,NO,NO,YES,NO,NO,YES,0,0,0,4,0,0,NO,0,0,0,4,BENIGN
NO,NO,NO,NO,NO,NO,NO,NO,YES,YES,NO,0,2,5.29,NO,NO,NO,NO,NO,NO,NO,YES,0,0,4,0,0,2,NO,2,0,0,8,BENIGN
NO,NO,NO,NO,NO,NO,NO,NO,NO,YES,YES,0,1,5.44,NO,NO,NO,NO,NO,NO,NO,YES,0,0,0,0,0,1,YES,0,0,0,1,BENIGN
NO,NO,NO,NO,NO,NO,YES,YES,NO,YES,NO,0,3,5.13,NO,NO,NO,NO,NO,NO,NO,NO,0,0,0,0,0,0,NO,0,0,0,0,BENIGN
NO,YES,NO,NO,NO,YES,NO,YES,NO,YES,NO,0,3,5.87,NO,NO,NO,NO,NO,NO,NO,NO,0,0,0,0,0,0,YES,0,6,0,2,BENIGN
NO,NO,NO,NO,NO,NO,NO,NO,NO,NO,YES,0,0,4.77,NO,NO,NO,NO,NO,NO,NO,NO,0,0,0,0,0,0,NO,0,0,0,0,BENIGN
YES,NO,NO,NO,NO,NO,NO,NO,YES,YES,NO,201,6,5.35,NO,NO,NO,NO,NO,NO,NO,NO,0,0,1,0,0,0,YES,0,0,0,3,BENIGN
NO,NO,NO,NO,NO,NO,NO,NO,NO,NO,YES,0,4,5.16,NO,NO,NO,NO,NO,NO,NO,YES,0,0,2,1,0,0,NO,0,0,0,10,BENIGN
NO,NO,NO,NO,NO,YES,NO,NO,YES,YES,NO,0,3,4.43,NO,NO,NO,NO,NO,NO,NO,YES,0,0,0,0,0,0,YES,0,0,0,2,BENIGN
NO,NO,NO,NO,NO,NO,NO,NO,YES,YES,NO,0,7,5.32,NO,NO,NO,NO,NO,NO,NO,NO,0,1,0,12,0,0,YES,0,0,0,5,BENIGN
NO,NO,NO,NO,NO,NO,NO,NO,NO,NO,NO,0,0,5.49,NO,NO,NO,NO,NO,NO,NO,NO,0,0,0,0,0,0,YES,0,0,0,2,BENIGN
NO,NO,NO,NO,NO,YES,NO,NO,YES,YES,YES,0,5,5.32,NO,NO,NO,NO,YES,NO,NO,NO,1,0,3,1,0,3,YES,0,0,0,6,BENIGN
NO,NO,NO,NO,NO,NO,NO,NO,NO,NO,NO,0,0,5.35,NO,NO,NO,NO,NO,NO,NO,NO,0,0,1,0,0,0,YES,0,0,0,4,BENIGN
NO,NO,NO,NO,NO,NO,NO,NO,NO,YES,NO,0,2,4.76,NO,NO,NO,NO,YES,NO,NO,YES,0,0,0,1,0,2,NO,0,0,0,2,BENIGN
NO,NO,NO,NO,NO,NO,NO,NO,NO,YES,YES,0,1,5.22,NO,NO,NO,NO,NO,NO,NO,NO,0,0,0,0,0,0,NO,0,4,0,22,BENIGN
NO,NO,NO,NO,NO,NO,NO,NO,YES,YES,YES,0,2,5.11,NO,NO,NO,NO,NO,NO,NO,YES,0,0,0,4,0,0,YES,0,2,0,4,BENIGN
NO,YES,NO,YES,NO,NO,NO,NO,YES,YES,YES,0,5,5.09,NO,NO,NO,NO,YES,NO,NO,YES,0,0,0,0,0,9,NO,0,1,0,2,BENIGN
NO,NO,NO,NO,NO,NO,NO,NO,YES,YES,YES,0,1,5.35,NO,NO,NO,NO,NO,NO,NO,YES,0,0,1,0,0,0,YES,0,0,0,5,BENIGN
NO,NO,NO,NO,NO,NO,NO,NO,YES,YES,NO,0,3,5.08,NO,NO,NO,NO,NO,NO,NO,NO,0,0,1,0,0,0,YES,0,0,0,14,BENIGN
YES,YES,NO,NO,NO,NO,NO,NO,NO,YES,YES,0,6,5.39,YES,NO,NO,NO,NO,NO,NO,YES,0,0,0,0,0,1,NO,0,0,0,29,BENIGN
NO,NO,NO,NO,NO,NO,NO,NO,NO,NO,NO,0,0,5.36,NO,NO,NO,NO,NO,NO,NO,NO,0,0,3,0,0,0,NO,0,0,0,5,BENIGN
NO,NO,NO,NO,NO,NO,NO,NO,YES,YES,NO,0,3,5.14,NO,NO,NO,NO,YES,NO,NO,YES,0,0,0,0,0,0,YES,0,0,0,1,BENIGN
NO,NO,NO,NO,NO,NO,NO,NO,NO,YES,YES,0,0,5.37,NO,NO,NO,NO,NO,NO,NO,NO,0,0,1,0,0,0,YES,0,7,0,2,BENIGN
NO,NO,NO,NO,NO,NO,NO,NO,YES,YES,NO,0,2,5.41,NO,NO,YES,NO,NO,NO,NO,YES,0,0,1,0,0,0,YES,0,0,0,6,BENIGN
NO,NO,NO,NO,NO,YES,NO,NO,YES,YES,YES,0,4,5.33,NO,NO,NO,NO,NO,NO,NO,YES,0,0,0,0,0,3,YES,0,0,0,10,BENIGN
NO,NO,NO,NO,NO,NO,NO,NO,YES,YES,YES,0,4,5.74,NO,NO,NO,NO,NO,NO,NO,YES,0,0,0,5,0,1,NO,0,0,0,15,BENIGN
NO,NO,NO,NO,NO,NO,NO,NO,NO,NO,YES,0,0,4.69,NO,NO,NO,NO,NO,NO,NO,NO,0,0,0,0,0,0,NO,0,0,0,0,BENIGN
NO,NO,NO,NO,NO,NO,NO,NO,YES,YES,YES,3,4,5.28,NO,NO,NO,NO,YES,NO,NO,NO,0,0,0,4,0,0,YES,0,0,0,4,BENIGN
NO,YES,NO,NO,NO,NO,NO,YES,YES,YES,YES,1,5,5.39,NO,YES,NO,YES,NO,NO,YES,YES,0,0,0,0,0,1,YES,0,0,0,6,BENIGN
NO,NO,NO,NO,NO,NO,NO,NO,NO,NO,NO,0,0,5.1,NO,NO,NO,NO,NO,NO,NO,NO,0,0,0,2,0,0,NO,0,0,0,13,BENIGN
NO,NO,NO,NO,NO,NO,NO,NO,NO,NO,YES,0,0,5.09,NO,NO,NO,NO,NO,NO,NO,NO,0,0,0,0,0,0,NO,0,0,0,12,BENIGN
NO,NO,NO,NO,NO,NO,NO,NO,YES,YES,NO,0,1,5.16,NO,NO,NO,NO,NO,NO,NO,NO,0,0,0,0,0,0,YES,0,0,0,1,BENIGN
NO,NO,NO,NO,NO,NO,NO,NO,NO,NO,NO,0,0,5.53,NO,NO,NO,NO,NO,NO,NO,NO,0,0,0,0,0,0,NO,0,66,0,0,BENIGN
YES,YES,NO,NO,NO,YES,NO,NO,NO,YES,YES,0,3,4.56,NO,NO,NO,NO,NO,NO,NO,NO,0,0,1,1,0,0,NO,0,0,0,1,BENIGN
NO,NO,NO,NO,NO,YES,NO,NO,YES,YES,YES,0,2,4.85,NO,NO,NO,NO,NO,NO,NO,NO,0,0,0,0,0,0,NO,0,0,0,2,BENIGN
NO,NO,NO,NO,NO,NO,NO,NO,NO,YES,NO,0,3,5.31,NO,NO,NO,YES,NO,NO,NO,YES,0,0,0,0,0,2,NO,0,0,0,1,BENIGN
YES,NO,NO,NO,NO,YES,NO,NO,YES,YES,YES,0,25,5.46,YES,NO,NO,YES,NO,NO,NO,YES,1,0,0,4,0,6,YES,0,0,0,6,BENIGN
YES,YES,NO,NO,NO,NO,NO,NO,YES,YES,NO,0,6,5.37,YES,NO,NO,NO,NO,YES,NO,NO,0,0,0,1,0,0,YES,0,0,0,16,BENIGN
NO,YES,NO,NO,NO,YES,NO,NO,NO,YES,NO,0,3,5.57,NO,NO,NO,NO,NO,NO,NO,YES,0,0,1,1,0,4,NO,0,0,0,1,BENIGN
NO,NO,NO,NO,NO,NO,NO,NO,NO,YES,YES,0,2,5.41,NO,NO,NO,NO,NO,NO,NO,NO,0,0,1,0,0,0,YES,0,0,0,4,BENIGN
NO,YES,NO,NO,NO,NO,NO,NO,YES,YES,YES,0,3,4.47,NO,NO,NO,NO,YES,NO,NO,YES,0,0,0,6,0,0,YES,2,0,0,6,BENIGN
NO,NO,NO,NO,NO,NO,NO,NO,NO,NO,YES,0,3,5.38,NO,NO,NO,NO,NO,NO,NO,YES,0,0,2,1,0,0,YES,0,0,0,12,BENIGN
NO,NO,NO,NO,NO,YES,NO,NO,YES,YES,YES,0,5,4.95,NO,NO,NO,NO,NO,NO,NO,NO,0,0,0,3,0,0,NO,0,0,0,7,BENIGN
NO,YES,NO,NO,NO,NO,NO,NO,YES,YES,YES,0,4,5.33,NO,NO,NO,NO,YES,NO,NO,YES,0,0,0,1,0,0,YES,0,0,0,4,BENIGN
NO,NO,NO,NO,NO,NO,NO,NO,YES,YES,YES,0,4,4.75,NO,NO,NO,NO,NO,NO,NO,YES,0,0,0,1,0,0,NO,0,0,0,2,BENIGN
NO,NO,NO,NO,NO,NO,NO,NO,NO,YES,YES,0,1,4.33,NO,NO,NO,NO,NO,NO,NO,NO,0,0,0,0,0,1,NO,0,0,0,0,BENIGN
NO,NO,NO,NO,NO,NO,NO,NO,NO,NO,NO,0,0,0.0,NO,NO,NO,NO,NO,NO,NO,NO,0,0,0,0,0,0,NO,0,0,0,0,BENIGN
NO,NO,NO,NO,NO,YES,NO,NO,YES,YES,YES,0,3,5.13,NO,NO,NO,NO,NO,NO,NO,YES,0,0,0,1,3,0,NO,0,0,0,30,BENIGN
NO,NO,NO,NO,NO,NO,NO,NO,YES,YES,NO,0,3,4.63,NO,NO,NO,NO,YES,NO,NO,NO,0,0,0,0,0,1,NO,0,0,0,6,BENIGN
NO,NO,NO,NO,NO,NO,NO,NO,YES,YES,YES,0,5,4.96,NO,NO,NO,NO,NO,NO,NO,YES,0,0,3,1,0,0,YES,0,0,0,11,BENIGN
NO,NO,NO,NO,NO,NO,NO,NO,NO,YES,YES,0,2,5.32,NO,NO,NO,NO,NO,NO,NO,NO,0,0,3,3,0,0,YES,0,0,0,15,BENIGN
NO,NO,NO,NO,NO,NO,NO,NO,NO,NO,NO,0,0,5.6,NO,NO,NO,NO,NO,NO,NO,NO,2,0,2,0,0,0,NO,4,0,0,8,BENIGN
YES,NO,NO,NO,NO,YES,NO,NO,YES,YES,YES,0,10,5.25,YES,NO,NO,YES,YES,NO,NO,YES,0,0,1,1,0,0,YES,0,0,0,7,BENIGN
NO,NO,NO,NO,NO,NO,NO,NO,YES,YES,YES,2,4,5.42,NO,YES,NO,NO,YES,NO,NO,NO,0,0,0,0,0,1,YES,0,0,0,2,BENIGN
NO,YES,NO,NO,NO,YES,NO,NO,YES,YES,YES,0,4,4.31,NO,NO,NO,NO,NO,NO,NO,YES,0,0,2,0,0,10,YES,1,2,0,5,BENIGN
NO,YES,NO,NO,NO,NO,NO,NO,YES,YES,YES,0,3,5.31,NO,NO,NO,NO,NO,NO,NO,YES,0,0,0,1,0,1,YES,0,0,0,3,BENIGN
NO,NO,NO,NO,NO,NO,NO,NO,YES,YES,YES,6,1,4.53,NO,NO,NO,NO,NO,NO,NO,YES,0,1,0,3,0,0,YES,0,0,0,12,BENIGN
YES,YES,YES,NO,NO,YES,NO,NO,YES,YES,YES,0,12,4.97,YES,NO,NO,NO,YES,NO,NO,YES,0,0,0,0,0,0,NO,0,0,0,0,BENIGN
NO,NO,NO,NO,NO,YES,NO,NO,NO,YES,NO,0,2,3.96,NO,NO,NO,NO,NO,NO,NO,NO,0,0,0,0,0,0,NO,0,0,0,1,BENIGN
NO,NO,NO,NO,NO,YES,NO,NO,NO,YES,NO,0,1,5.38,NO,NO,NO,NO,NO,NO,NO,NO,0,0,1,0,0,0,YES,0,0,0,4,BENIGN
YES,YES,YES,NO,NO,YES,NO,NO,NO,YES,NO,0,8,5.26,YES,NO,NO,NO,YES,NO,NO,NO,0,0,0,2,0,0,YES,16,0,0,12,BENIGN
NO,NO,NO,NO,NO,NO,NO,NO,NO,YES,NO,0,2,5.12,NO,NO,NO,NO,NO,NO,NO,NO,0,0,0,0,0,0,NO,0,1,0,0,BENIGN
NO,YES,NO,NO,NO,YES,NO,NO,YES,YES,NO,0,9,5.46,NO,NO,NO,YES,YES,NO,NO,YES,0,0,1,0,0,1,NO,2,0,0,0,BENIGN
NO,NO,NO,NO,NO,NO,NO,NO,NO,NO,YES,0,0,5.33,NO,NO,NO,NO,NO,NO,NO,YES,0,0,1,0,0,0,YES,0,0,0,0,BENIGN
NO,NO,NO,NO,NO,NO,NO,NO,YES,YES,NO,0,2,4.98,NO,NO,NO,NO,NO,NO,NO,NO,0,0,0,0,0,0,NO,0,0,0,1,BENIGN
NO,NO,NO,NO,NO,YES,NO,NO,YES,YES,NO,0,10,5.64,NO,NO,NO,NO,YES,NO,NO,YES,0,0,0,4,0,0,YES,0,1,0,13,BENIGN
NO,NO,NO,NO,NO,YES,NO,NO,YES,YES,NO,0,5,5.14,NO,NO,NO,NO,NO,NO,NO,YES,0,1,0,0,0,0,YES,0,0,0,10,BENIGN
NO,NO,NO,NO,NO,YES,NO,NO,NO,YES,NO,0,2,4.87,NO,NO,NO,NO,NO,NO,NO,NO,0,0,0,0,0,2,NO,0,0,0,0,BENIGN
NO,NO,NO,NO,NO,NO,NO,NO,YES,YES,NO,0,2,4.8,NO,NO,NO,NO,NO,NO,NO,NO,0,0,0,0,0,0,NO,0,0,0,0,BENIGN
NO,NO,NO,NO,NO,NO,NO,YES,YES,YES,YES,0,3,5.3,NO,NO,NO,NO,YES,NO,NO,YES,0,0,0,0,0,0,NO,0,0,0,1,BENIGN
NO,NO,NO,NO,NO,NO,NO,NO,YES,YES,NO,0,4,5.49,NO,NO,NO,NO,NO,NO,NO,YES,0,0,1,2,0,2,YES,0,0,0,3,BENIGN
NO,NO,NO,NO,NO,NO,NO,NO,NO,YES,NO,0,0,5.18,NO,NO,NO,NO,NO,NO,NO,NO,0,0,0,0,0,0,YES,3,0,0,4,BENIGN
YES,NO,NO,NO,NO,NO,NO,YES,YES,YES,YES,0,5,5.2,NO,NO,NO,YES,NO,NO,NO,YES,0,0,0,10,0,0,NO,0,0,0,3,BENIGN
NO,NO,NO,NO,NO,YES,NO,NO,NO,NO,NO,0,3,5.33,NO,NO,NO,NO,NO,NO,NO,NO,0,0,0,0,0,3,YES,0,0,0,2,BENIGN
YES,YES,NO,NO,NO,YES,NO,NO,YES,YES,YES,0,6,5.51,NO,NO,NO,YES,NO,NO,NO,NO,0,0,0,5,0,0,NO,0,0,0,5,BENIGN
YES,YES,YES,NO,NO,YES,NO,YES,NO,YES,NO,0,5,5.39,NO,NO,NO,NO,NO,NO,NO,NO,0,0,1,0,0,0,YES,0,7,0,2,BENIGN
NO,NO,NO,NO,NO,NO,NO,NO,NO,YES,YES,0,0,5.33,NO,NO,NO,NO,NO,NO,NO,NO,0,0,1,0,0,0,YES,0,0,0,5,BENIGN
NO,YES,NO,NO,NO,NO,NO,NO,NO,YES,YES,0,2,5.18,NO,NO,NO,NO,NO,NO,NO,YES,0,0,0,1,0,2,NO,0,0,0,6,BENIGN
NO,NO,NO,NO,NO,YES,NO,NO,YES,YES,YES,0,6,5.18,NO,NO,NO,NO,YES,NO,NO,NO,0,0,0,0,0,0,NO,0,0,0,1,BENIGN
NO,NO,NO,NO,NO,NO,NO,YES,YES,YES,NO,0,6,4.25,NO,NO,NO,NO,NO,NO,NO,NO,0,0,0,0,0,0,NO,0,0,0,6,BENIGN
NO,NO,NO,NO,NO,NO,NO,NO,YES,YES,YES,0,1,5.46,NO,NO,NO,NO,NO,NO,NO,NO,0,0,0,0,0,0,YES,0,0,0,0,BENIGN
NO,NO,NO,NO,NO,YES,NO,NO,YES,YES,YES,0,4,5.94,NO,NO,NO,NO,NO,NO,NO,YES,0,0,1,0,0,0,NO,0,3,0,4,BENIGN
NO,NO,NO,NO,NO,NO,NO,NO,YES,NO,NO,0,2,5.32,NO,NO,NO,NO,NO,NO,NO,NO,0,0,0,0,0,0,YES,0,0,0,7,BENIGN
YES,YES,YES,NO,NO,YES,NO,NO,YES,YES,YES,0,6,5.31,NO,NO,NO,NO,NO,NO,NO,YES,0,0,4,0,0,0,NO,0,0,0,4,BENIGN
YES,NO,NO,NO,NO,YES,NO,NO,YES,YES,YES,0,8,4.88,YES,NO,NO,YES,NO,NO,NO,YES,0,0,1,4,0,0,YES,0,0,0,4,BENIGN
NO,NO,NO,NO,NO,NO,NO,NO,NO,YES,YES,0,4,5.47,NO,NO,NO,NO,YES,NO,NO,YES,0,0,2,14,0,8,YES,0,0,0,12,BENIGN
YES,YES,NO,NO,NO,NO,NO,NO,NO,YES,NO,0,4,5.02,YES,NO,NO,NO,NO,NO,NO,NO,0,0,0,0,0,2,NO,0,0,0,8,BENIGN
NO,NO,NO,NO,NO,YES,NO,NO,YES,YES,YES,0,11,4.59,NO,NO,NO,NO,NO,NO,NO,YES,0,0,0,0,0,0,YES,0,0,0,6,BENIGN
NO,YES,NO,NO,NO,YES,NO,NO,YES,YES,YES,0,12,5.35,NO,NO,NO,NO,YES,NO,NO,YES,0,0,2,0,0,2,YES,0,0,0,15,BENIGN
NO,NO,NO,NO,NO,NO,NO,NO,NO,YES,YES,0,7,5.38,NO,NO,NO,NO,NO,NO,NO,YES,0,4,3,0,0,1,YES,0,0,6,6,BENIGN
NO,NO,NO,NO,NO,NO,NO,NO,YES,YES,NO,0,4,5.3,NO,NO,NO,NO,YES,NO,NO,NO,0,0,0,0,0,1,NO,0,0,0,2,BENIGN
NO,NO,YES,NO,NO,YES,NO,NO,YES,YES,YES,0,89,4.82,NO,NO,NO,NO,YES,NO,NO,YES,0,0,0,0,0,0,NO,0,0,0,0,BENIGN
YES,YES,YES,NO,NO,YES,NO,NO,YES,YES,NO,0,8,5.19,YES,NO,NO,YES,NO,NO,NO,YES,0,2,1,8,0,0,YES,2,0,0,5,BENIGN
NO,YES,YES,NO,NO,YES,NO,NO,YES,YES,YES,0,6,5.36,NO,NO,NO,NO,YES,NO,NO,YES,0,3,0,1,0,4,YES,0,0,0,10,BENIGN
NO,NO,NO,NO,NO,YES,YES,NO,YES,YES,NO,0,4,4.94,NO,NO,NO,NO,NO,NO,NO,YES,17,0,0,0,0,0,NO,0,0,0,13,BENIGN
NO,NO,NO,NO,NO,NO,NO,NO,NO,NO,NO,1,0,0.0,NO,NO,NO,NO,NO,NO,NO,NO,0,0,0,0,0,0,NO,0,0,0,0,BENIGN
NO,NO,NO,NO,NO,NO,NO,NO,YES,YES,NO,0,2,4.45,NO,NO,NO,NO,NO,NO,NO,YES,0,0,0,0,0,0,NO,0,0,0,2,BENIGN
NO,NO,NO,NO,NO,YES,YES,NO,NO,NO,NO,0,2,5.32,NO,NO,NO,NO,NO,NO,NO,NO,0,0,2,0,0,0,YES,0,0,0,3,BENIGN
YES,YES,NO,NO,NO,YES,NO,NO,YES,YES,YES,0,4,5.29,NO,NO,NO,NO,NO,NO,NO,YES,0,0,1,13,0,0,NO,3,0,0,18,BENIGN
YES,NO,NO,NO,NO,NO,NO,NO,YES,YES,NO,0,6,4.72,NO,NO,NO,NO,YES,NO,NO,YES,0,0,0,13,0,0,YES,0,0,0,2,BENIGN
YES,NO,NO,NO,NO,NO,NO,NO,NO,YES,YES,0,9,5.15,YES,NO,YES,NO,NO,NO,NO,YES,0,0,2,1,0,1,NO,0,0,0,20,BENIGN
NO,NO,NO,NO,NO,NO,NO,NO,NO,YES,YES,0,1,5.26,NO,NO,NO,NO,NO,NO,NO,YES,0,0,0,0,0,0,YES,0,0,0,9,BENIGN
YES,NO,NO,NO,NO,NO,NO,YES,YES,YES,YES,0,7,5.68,YES,NO,NO,NO,NO,NO,NO,YES,0,0,1,0,0,0,YES,0,1,0,4,BENIGN
NO,NO,NO,NO,NO,YES,NO,NO,YES,YES,YES,0,4,5.56,NO,NO,NO,NO,YES,NO,NO,NO,0,0,0,1,0,0,YES,0,18,0,2,BENIGN
YES,YES,NO,NO,NO,YES,NO,YES,YES,YES,YES,0,9,5.22,YES,NO,NO,YES,YES,NO,NO,NO,0,0,0,2,0,0,YES,0,0,0,7,BENIGN
NO,NO,NO,NO,NO,NO,NO,NO,NO,YES,NO,0,1,5.32,NO,NO,NO,NO,NO,NO,NO,NO,0,0,0,0,0,0,YES,0,0,0,5,BENIGN
NO,NO,NO,NO,NO,NO,NO,NO,NO,YES,NO,0,0,5.39,NO,NO,NO,NO,NO,NO,NO,NO,0,0,0,0,0,0,YES,4,0,0,5,BENIGN
NO,NO,NO,NO,NO,NO,NO,NO,NO,YES,YES,0,0,5.28,NO,NO,NO,NO,NO,NO,NO,YES,0,0,0,1,0,0,NO,0,0,0,21,BENIGN
NO,NO,NO,NO,NO,NO,NO,NO,YES,YES,YES,0,1,5.2,NO,NO,NO,NO,NO,NO,NO,YES,0,0,0,2,0,0,NO,0,0,0,1,BENIGN
NO,NO,NO,NO,NO,YES,NO,NO,YES,YES,YES,0,9,4.49,NO,NO,YES,NO,NO,NO,NO,NO,0,1,0,2,0,0,NO,0,1,0,75,BENIGN
NO,YES,NO,NO,NO,NO,NO,NO,YES,YES,YES,1,3,5.27,NO,YES,NO,NO,YES,NO,NO,YES,0,0,0,1,0,2,YES,0,0,0,2,BENIGN
NO,NO,NO,NO,NO,NO,NO,NO,NO,YES,NO,0,1,5.25,NO,NO,NO,NO,NO,NO,NO,NO,0,0,5,0,0,0,NO,0,0,1,4,BENIGN
YES,NO,YES,NO,NO,YES,NO,NO,YES,YES,YES,0,11,5.37,YES,NO,NO,NO,NO,NO,NO,YES,0,0,0,6,0,2,YES,8,0,0,15,BENIGN
YES,YES,NO,NO,NO,YES,NO,NO,YES,YES,NO,0,9,5.42,NO,NO,NO,NO,YES,NO,NO,YES,6,0,0,0,0,0,NO,0,0,0,1,BENIGN
NO,NO,NO,NO,NO,YES,NO,NO,YES,YES,NO,0,3,4.79,NO,NO,NO,NO,YES,NO,NO,NO,0,0,0,0,0,0,NO,0,0,0,0,BENIGN
NO,NO,NO,NO,NO,NO,NO,YES,YES,YES,NO,0,4,5.4,NO,NO,NO,NO,YES,NO,NO,YES,0,0,0,0,0,0,YES,0,0,0,0,BENIGN
YES,YES,NO,NO,NO,YES,NO,NO,YES,YES,YES,0,7,5.74,YES,NO,NO,NO,NO,NO,NO,NO,4,0,0,0,0,0,NO,2,0,0,8,BENIGN
NO,YES,NO,NO,NO,YES,NO,NO,NO,YES,YES,0,3,5.88,NO,NO,NO,NO,NO,NO,NO,YES,0,1,0,0,0,0,YES,12,0,0,2,BENIGN
NO,NO,NO,NO,NO,NO,NO,NO,NO,YES,YES,0,0,5.3,NO,NO,NO,NO,NO,NO,NO,NO,0,0,0,2,0,0,NO,0,0,0,1,BENIGN
YES,YES,NO,NO,NO,YES,NO,NO,YES,YES,YES,0,9,4.72,YES,NO,NO,YES,YES,NO,NO,NO,0,0,0,1,0,0,NO,0,0,0,30,BENIGN
YES,YES,NO,NO,NO,NO,NO,NO,NO,YES,YES,0,5,4.45,YES,NO,NO,YES,NO,NO,NO,NO,0,0,0,10,0,6,NO,0,0,0,23,BENIGN
NO,NO,NO,NO,NO,YES,NO,NO,YES,YES,NO,0,4,5.2,NO,NO,NO,NO,NO,NO,NO,NO,0,0,5,0,0,4,NO,0,0,0,27,BENIGN
NO,YES,NO,NO,NO,YES,NO,NO,NO,YES,YES,0,2,5.11,NO,NO,NO,NO,NO,NO,NO,NO,0,0,0,0,0,2,NO,0,0,0,3,BENIGN
NO,NO,NO,NO,NO,NO,NO,NO,YES,YES,NO,0,1,4.9,NO,NO,NO,NO,NO,NO,NO,NO,0,0,0,0,0,0,NO,0,0,0,0,BENIGN
NO,NO,NO,NO,NO,NO,NO,NO,YES,NO,YES,0,2,4.91,NO,NO,NO,NO,NO,NO,NO,YES,0,0,0,1,0,0,YES,0,0,0,1,BENIGN
YES,YES,NO,NO,NO,YES,NO,NO,YES,YES,YES,0,6,5.62,YES,NO,NO,YES,NO,NO,NO,YES,0,0,3,4,0,6,NO,0,0,0,18,BENIGN
NO,NO,NO,NO,NO,NO,NO,NO,NO,NO,YES,0,1,5.38,NO,NO,NO,NO,NO,NO,NO,NO,0,0,0,0,0,0,YES,0,0,0,3,BENIGN
YES,NO,NO,NO,NO,NO,NO,NO,YES,YES,YES,0,9,5.32,YES,NO,NO,NO,NO,NO,NO,YES,0,2,0,2,0,0,NO,0,0,0,10,BENIGN
NO,NO,NO,NO,NO,NO,NO,NO,YES,YES,NO,0,2,5.39,NO,NO,NO,NO,NO,NO,NO,NO,14,0,2,0,0,0,YES,0,0,0,1,BENIGN
YES,YES,NO,NO,NO,YES,NO,NO,YES,YES,YES,0,7,5.37,YES,NO,NO,YES,YES,NO,NO,YES,1,0,2,7,0,5,NO,2,0,2,27,BENIGN
NO,YES,NO,NO,NO,YES,NO,NO,NO,YES,YES,0,2,5.29,NO,NO,NO,NO,NO,NO,NO,YES,0,0,0,0,0,1,YES,0,0,0,1,BENIGN
NO,YES,YES,NO,NO,YES,NO,NO,NO,YES,YES,0,5,4.67,NO,NO,NO,NO,YES,NO,NO,YES,0,0,0,1,0,4,YES,0,0,0,11,BENIGN
NO,NO,NO,NO,NO,YES,NO,NO,YES,YES,NO,0,8,5.41,NO,NO,NO,NO,NO,NO,NO,YES,0,0,1,0,0,0,NO,0,0,0,10,BENIGN
NO,NO,NO,NO,NO,NO,NO,NO,NO,YES,NO,0,1,5.24,NO,NO,NO,NO,NO,NO,NO,NO,0,0,1,0,0,0,YES,0,0,0,3,BENIGN
NO,NO,NO,NO,NO,NO,NO,NO,NO,YES,YES,0,0,5.45,NO,NO,NO,NO,NO,NO,NO,YES,0,0,0,0,0,0,YES,0,0,0,4,BENIGN
YES,NO,NO,NO,NO,YES,NO,NO,YES,YES,YES,0,8,5.3,NO,NO,NO,YES,YES,NO,NO,YES,0,0,1,0,0,0,YES,0,0,0,2,BENIGN
NO,NO,NO,NO,YES,YES,NO,NO,YES,YES,YES,0,6,5.2,NO,NO,NO,YES,NO,NO,NO,NO,0,0,0,0,0,0,NO,0,0,0,2,BENIGN
NO,NO,YES,NO,NO,NO,NO,NO,NO,YES,YES,0,8,5.4,NO,NO,NO,NO,NO,NO,NO,NO,0,0,0,0,0,0,YES,2,0,0,10,BENIGN
NO,NO,NO,NO,NO,YES,NO,NO,YES,YES,NO,0,2,5.54,NO,NO,NO,NO,NO,NO,NO,NO,0,0,5,0,0,0,YES,0,0,0,4,BENIGN
YES,NO,NO,NO,NO,NO,NO,NO,YES,YES,YES,2,6,5.4,NO,YES,NO,NO,YES,NO,NO,NO,0,0,0,19,0,0,YES,0,0,0,8,BENIGN
NO,NO,NO,NO,NO,NO,NO,NO,YES,YES,YES,0,3,5.33,NO,NO,NO,NO,YES,NO,NO,YES,0,0,0,1,0,0,NO,0,0,0,8,BENIGN
NO,NO,NO,NO,NO,NO,NO,NO,NO,NO,NO,0,0,5.49,NO,NO,NO,NO,NO,NO,NO,NO,0,0,1,1,0,0,NO,0,0,0,7,BENIGN
YES,NO,NO,NO,NO,NO,NO,NO,YES,YES,NO,0,5,5.24,YES,NO,NO,NO,NO,NO,NO,NO,0,0,0,0,0,0,YES,0,0,0,2,BENIGN
YES,NO,NO,NO,NO,YES,NO,NO,NO,YES,NO,0,5,5.38,YES,NO,NO,NO,NO,NO,NO,NO,0,0,0,0,0,0,YES,0,0,0,8,BENIGN
NO,YES,YES,NO,NO,NO,NO,NO,NO,YES,YES,0,6,5.34,NO,NO,YES,NO,NO,NO,NO,YES,0,2,1,1,0,0,NO,0,0,0,6,BENIGN
NO,NO,NO,NO,NO,NO,NO,NO,NO,YES,YES,0,2,4.64,NO,NO,NO,NO,YES,NO,NO,NO,0,0,0,0,0,0,NO,0,0,0,0,BENIGN
NO,YES,NO,NO,NO,NO,NO,NO,YES,YES,NO,1,2,4.97,NO,NO,NO,NO,YES,NO,NO,NO,0,0,1,3,0,0,YES,0,0,0,10,BENIGN
YES,YES,NO,NO,NO,YES,NO,NO,YES,YES,YES,0,10,4.92,YES,NO,NO,YES,YES,NO,NO,NO,0,0,0,8,0,7,NO,2,0,0,21,BENIGN
NO,NO,NO,NO,NO,YES,NO,NO,YES,YES,YES,0,5,4.47,NO,NO,NO,YES,YES,NO,NO,NO,0,0,0,0,0,0,YES,0,1,0,6,BENIGN
YES,YES,NO,NO,NO,YES,NO,NO,YES,YES,YES,0,9,5.24,YES,NO,NO,YES,YES,NO,NO,YES,1,0,0,0,0,0,YES,0,0,0,13,BENIGN
NO,NO,NO,NO,NO,NO,NO,NO,YES,YES,YES,0,2,5.25,NO,NO,NO,NO,NO,NO,NO,NO,0,0,0,0,0,0,NO,0,0,0,4,BENIGN
NO,NO,NO,NO,NO,NO,NO,NO,YES,YES,NO,0,5,5.37,NO,NO,NO,NO,NO,NO,NO,NO,0,1,0,0,0,6,YES,0,0,0,20,BENIGN
NO,NO,NO,NO,NO,NO,NO,NO,NO,NO,YES,0,0,5.13,NO,NO,NO,NO,NO,NO,NO,YES,0,0,1,1,0,0,NO,0,0,0,2,BENIGN
NO,YES,NO,NO,NO,YES,NO,NO,YES,YES,YES,0,5,5.33,NO,NO,NO,NO,NO,YES,NO,NO,0,0,0,9,0,1,YES,0,0,0,8,BENIGN
NO,NO,NO,NO,NO,YES,NO,NO,YES,YES,YES,0,5,5.47,NO,NO,NO,NO,YES,NO,NO,YES,1,0,6,0,0,0,YES,0,0,0,0,BENIGN
NO,NO,NO,NO,NO,NO,NO,NO,NO,YES,NO,0,1,5.39,NO,NO,NO,NO,NO,NO,NO,YES,0,0,1,0,0,6,YES,0,0,0,7,BENIGN
NO,NO,NO,NO,NO,YES,NO,NO,NO,YES,NO,0,3,5.3,NO,NO,NO,NO,NO,NO,NO,NO,0,0,1,0,0,0,YES,0,0,0,4,BENIGN
NO,NO,YES,NO,NO,NO,NO,NO,YES,YES,NO,0,6,5.31,NO,NO,NO,NO,YES,NO,NO,YES,1,2,0,4,0,9,NO,3,0,1,6,BENIGN
NO,NO,NO,NO,NO,NO,NO,NO,NO,NO,NO,0,0,5.27,NO,NO,NO,NO,NO,NO,NO,NO,0,0,2,3,0,0,YES,0,0,0,2,BENIGN
NO,NO,NO,NO,NO,NO,NO,NO,NO,YES,NO,0,1,5.28,NO,NO,NO,NO,NO,NO,NO,NO,0,0,0,1,0,0,NO,0,0,0,4,BENIGN
NO,NO,NO,NO,NO,YES,NO,NO,NO,YES,NO,0,1,5.2,NO,NO,NO,NO,NO,NO,NO,NO,0,0,0,0,0,0,NO,0,0,0,2,BENIGN
NO,NO,NO,NO,NO,NO,NO,NO,NO,NO,NO,0,0,5.36,NO,NO,NO,NO,NO,NO,NO,NO,0,0,6,0,0,0,NO,0,0,0,6,BENIGN
NO,NO,NO,NO,NO,NO,NO,NO,YES,YES,NO,0,3,5.32,NO,NO,NO,NO,NO,NO,NO,YES,0,0,0,2,1,0,YES,0,0,0,2,BENIGN
NO,NO,NO,NO,NO,NO,NO,NO,NO,YES,NO,0,2,4.78,NO,NO,NO,NO,NO,NO,NO,NO,0,0,0,0,0,0,NO,0,0,0,1,BENIGN
YES,YES,NO,NO,NO,NO,NO,NO,YES,YES,YES,0,6,5.39,YES,NO,NO,NO,NO,NO,NO,NO,0,0,0,0,0,0,YES,0,0,0,1,BENIGN
NO,NO,YES,NO,NO,YES,NO,NO,YES,YES,YES,0,5,5.12,NO,NO,NO,NO,NO,NO,NO,YES,0,0,0,0,0,0,NO,0,0,0,13,BENIGN
NO,NO,NO,NO,NO,NO,NO,NO,YES,YES,YES,0,2,5.3,NO,NO,NO,NO,NO,NO,NO,NO,0,0,1,0,0,0,YES,0,0,0,6,BENIGN
NO,NO,NO,NO,NO,NO,NO,NO,YES,YES,YES,0,2,5.44,NO,NO,NO,NO,NO,NO,NO,YES,0,0,0,0,0,1,NO,0,0,0,10,BENIGN
NO,NO,NO,NO,NO,NO,NO,NO,YES,YES,NO,0,2,5.31,NO,NO,YES,NO,NO,NO,NO,NO,0,0,3,0,0,0,YES,0,0,0,5,BENIGN
YES,YES,NO,NO,NO,YES,NO,NO,YES,YES,YES,0,7,5.25,YES,NO,NO,YES,NO,NO,NO,YES,0,0,0,2,0,0,NO,0,0,0,5,BENIGN
NO,NO,NO,NO,NO,NO,NO,NO,NO,NO,NO,0,0,5.4,NO,NO,NO,NO,NO,NO,NO,NO,0,0,2,0,0,0,NO,0,0,2,4,BENIGN
YES,YES,NO,NO,NO,YES,NO,NO,YES,YES,YES,0,5,5.6,YES,NO,NO,NO,NO,NO,NO,YES,0,0,0,0,0,0,YES,0,1,0,4,BENIGN
YES,YES,NO,NO,NO,YES,NO,NO,NO,YES,NO,0,4,5.44,YES,NO,NO,NO,NO,NO,NO,NO,0,0,1,0,0,0,YES,0,0,0,4,BENIGN
NO,YES,NO,NO,NO,NO,NO,NO,YES,YES,YES,1,2,4.99,NO,NO,NO,NO,YES,NO,NO,YES,0,0,0,1,0,1,NO,0,0,0,1,BENIGN
NO,NO,NO,NO,NO,NO,NO,NO,NO,YES,NO,0,2,5.28,NO,NO,NO,NO,NO,NO,NO,NO,0,0,0,0,0,0,YES,0,0,0,0,BENIGN
YES,NO,NO,NO,NO,NO,NO,NO,YES,YES,NO,0,58,4.85,YES,NO,NO,NO,NO,NO,NO,NO,0,0,3,0,0,0,NO,0,0,0,10,BENIGN
NO,YES,YES,NO,NO,YES,NO,NO,NO,YES,YES,0,6,5.29,NO,NO,NO,NO,YES,NO,NO,YES,0,1,1,1,0,0,NO,0,0,0,5,BENIGN
NO,NO,NO,NO,NO,NO,NO,YES,YES,YES,NO,0,4,4.93,NO,NO,NO,NO,YES,NO,NO,NO,0,0,0,2,0,2,YES,0,0,0,5,BENIGN
YES,YES,NO,NO,NO,YES,NO,YES,YES,YES,YES,0,7,5.63,NO,NO,NO,YES,NO,NO,NO,NO,0,1,0,0,0,5,NO,2,4,0,13,BENIGN
YES,NO,NO,NO,NO,YES,NO,NO,YES,YES,YES,0,6,5.29,NO,NO,NO,NO,NO,NO,NO,YES,0,0,0,2,0,7,YES,0,0,0,7,BENIGN
NO,NO,NO,NO,NO,NO,NO,NO,NO,YES,NO,0,1,4.93,NO,NO,NO,NO,NO,NO,NO,NO,0,0,0,0,0,0,NO,0,0,0,1,BENIGN
NO,NO,NO,NO,NO,NO,NO,NO,YES,YES,YES,0,3,4.85,NO,NO,NO,NO,NO,NO,NO,YES,0,0,0,6,0,0,YES,1,0,0,7,BENIGN
NO,NO,NO,NO,NO,NO,NO,NO,YES,YES,YES,0,2,5.08,NO,NO,NO,NO,NO,NO,NO,NO,0,0,0,0,0,0,YES,0,0,0,2,BENIGN
NO,NO,NO,NO,NO,YES,NO,NO,YES,YES,YES,0,5,5.22,NO,NO,NO,NO,YES,NO,NO,YES,0,0,0,2,0,3,YES,0,0,0,8,BENIGN
YES,YES,NO,NO,NO,NO,NO,NO,NO,YES,NO,0,3,5.05,YES,NO,NO,NO,NO,NO,NO,NO,0,0,0,0,0,0,NO,0,0,0,2,BENIGN
NO,NO,NO,NO,NO,NO,NO,NO,NO,NO,NO,0,0,5.38,NO,NO,NO,NO,NO,NO,NO,NO,0,2,0,3,1,4,NO,3,0,0,23,BENIGN
YES,YES,NO,NO,NO,YES,NO,NO,NO,YES,YES,0,7,5.39,NO,NO,NO,NO,YES,NO,NO,YES,0,0,0,0,0,10,YES,0,0,0,7,BENIGN
NO,NO,NO,NO,NO,NO,NO,NO,YES,YES,NO,0,3,5.5,NO,NO,NO,NO,NO,NO,NO,YES,0,0,1,1,0,0,YES,0,0,0,8,BENIGN
NO,NO,NO,NO,NO,NO,NO,NO,NO,YES,NO,0,0,5.39,NO,NO,NO,NO,NO,NO,NO,NO,0,0,1,0,0,0,YES,0,0,0,5,BENIGN
NO,NO,NO,NO,NO,NO,NO,NO,YES,YES,YES,0,5,5.27,NO,NO,NO,NO,NO,NO,NO,YES,0,0,0,15,0,0,YES,0,0,0,8,BENIGN
NO,NO,NO,NO,NO,NO,NO,NO,NO,YES,YES,0,0,5.4,NO,NO,NO,NO,NO,NO,NO,YES,0,0,0,0,0,0,YES,0,0,0,3,BENIGN
YES,NO,YES,NO,YES,YES,YES,NO,YES,YES,YES,0,17,4.58,YES,NO,YES,YES,YES,NO,NO,YES,4,0,0,0,0,0,NO,0,0,0,7,MALICIOUS
YES,NO,YES,NO,YES,YES,YES,NO,YES,YES,YES,0,17,4.58,YES,NO,YES,YES,YES,NO,NO,YES,4,0,0,0,0,0,NO,0,0,0,7,MALICIOUS
YES,NO,YES,NO,YES,YES,YES,NO,YES,YES,YES,0,17,4.58,YES,NO,YES,YES,YES,NO,NO,YES,4,0,0,0,0,0,NO,0,0,0,7,MALICIOUS
YES,NO,NO,NO,NO,YES,NO,NO,NO,YES,NO,0,5,5.41,YES,NO,NO,NO,NO,NO,NO,NO,0,0,1,0,0,0,YES,0,0,0,0,MALICIOUS
YES,YES,NO,NO,NO,YES,NO,NO,YES,YES,YES,0,6,5.0,YES,NO,YES,NO,NO,NO,NO,NO,1,0,0,1,0,0,NO,0,0,0,1,MALICIOUS
YES,NO,YES,NO,YES,YES,YES,NO,YES,YES,YES,0,17,4.58,YES,NO,YES,YES,YES,NO,NO,YES,4,0,0,0,0,0,NO,0,0,0,7,MALICIOUS
YES,NO,NO,NO,NO,YES,NO,NO,YES,YES,YES,0,11,4.63,YES,NO,NO,YES,YES,NO,NO,NO,0,0,0,3,0,0,YES,0,0,0,7,MALICIOUS
YES,NO,YES,NO,NO,YES,NO,NO,NO,YES,YES,0,6,5.03,NO,NO,NO,YES,NO,NO,NO,NO,2,0,1,4,0,4,YES,0,0,0,2,MALICIOUS
YES,NO,YES,NO,YES,YES,YES,NO,YES,YES,YES,0,17,4.58,YES,NO,YES,YES,YES,NO,NO,YES,4,0,0,0,0,0,NO,0,0,0,7,MALICIOUS
YES,NO,YES,NO,YES,YES,YES,NO,YES,YES,YES,0,17,4.58,YES,NO,YES,YES,YES,NO,NO,YES,4,0,0,0,0,0,NO,0,0,0,7,MALICIOUS
YES,NO,YES,NO,YES,YES,YES,NO,YES,YES,YES,0,17,4.58,YES,NO,YES,YES,YES,NO,NO,YES,4,0,0,0,0,0,NO,0,0,0,7,MALICIOUS
NO,NO,YES,NO,NO,YES,YES,NO,YES,YES,NO,0,7,5.33,NO,NO,NO,NO,NO,NO,NO,NO,0,0,3,0,0,0,YES,2,0,0,9,MALICIOUS
NO,NO,YES,NO,NO,YES,NO,NO,YES,YES,YES,0,7,5.21,NO,NO,NO,NO,NO,NO,NO,YES,0,0,0,1,0,0,YES,0,0,0,4,MALICIOUS
YES,NO,NO,NO,NO,YES,NO,NO,YES,YES,YES,0,11,4.63,YES,NO,NO,YES,YES,NO,NO,NO,0,0,0,3,0,0,YES,0,0,0,7,MALICIOUS
YES,YES,YES,NO,NO,YES,NO,NO,YES,YES,YES,0,8,4.91,YES,NO,NO,NO,NO,NO,NO,NO,0,0,0,3,0,0,NO,1,0,0,0,MALICIOUS
YES,NO,YES,NO,YES,YES,YES,NO,YES,YES,YES,0,17,4.58,YES,NO,YES,YES,YES,NO,NO,YES,4,0,0,0,0,0,NO,0,0,0,7,MALICIOUS
YES,NO,YES,NO,YES,YES,YES,NO,YES,YES,YES,0,17,4.58,YES,NO,YES,YES,YES,NO,NO,YES,4,0,0,0,0,0,NO,0,0,0,7,MALICIOUS
NO,YES,NO,NO,NO,YES,YES,YES,YES,NO,NO,0,6,5.46,NO,NO,NO,NO,NO,NO,NO,NO,0,0,0,0,0,0,YES,0,0,0,8,MALICIOUS
NO,YES,YES,NO,NO,YES,NO,NO,YES,YES,YES,0,4,5.38,NO,NO,NO,NO,NO,NO,NO,NO,0,0,4,10,0,0,NO,0,0,0,4,MALICIOUS
YES,NO,YES,NO,YES,YES,YES,NO,YES,YES,YES,0,17,4.58,YES,NO,YES,YES,YES,NO,NO,YES,4,0,0,0,0,0,NO,0,0,0,7,MALICIOUS
NO,YES,NO,NO,NO,YES,NO,NO,NO,YES,YES,0,6,4.85,NO,NO,NO,NO,YES,NO,NO,NO,0,1,3,0,0,0,NO,0,0,0,14,MALICIOUS
YES,NO,YES,NO,YES,YES,YES,NO,YES,YES,YES,0,17,4.58,YES,NO,YES,YES,YES,NO,NO,YES,4,0,0,0,0,0,NO,0,0,0,7,MALICIOUS
NO,NO,NO,NO,NO,NO,NO,NO,YES,YES,NO,0,2,4.05,NO,NO,NO,NO,NO,NO,NO,NO,0,0,4,2,0,0,NO,0,0,0,1,MALICIOUS
NO,NO,NO,NO,NO,YES,NO,NO,NO,YES,NO,0,1,4.64,NO,NO,NO,NO,NO,NO,NO,NO,0,0,0,0,0,0,NO,0,0,0,3,MALICIOUS
YES,NO,NO,NO,NO,NO,NO,NO,YES,YES,YES,2,2,5.0,NO,NO,NO,NO,NO,NO,NO,NO,0,0,0,1,0,0,NO,0,0,0,2,MALICIOUS
NO,NO,NO,NO,NO,NO,NO,NO,NO,YES,NO,0,0,5.14,NO,NO,NO,NO,NO,NO,NO,NO,0,0,0,0,0,0,YES,0,0,0,7,MALICIOUS
NO,NO,NO,NO,NO,NO,NO,NO,YES,YES,NO,4,4,4.72,NO,NO,NO,NO,NO,NO,NO,NO,0,0,0,0,0,0,NO,0,0,0,2,MALICIOUS
NO,NO,NO,NO,NO,NO,NO,NO,NO,YES,NO,4,1,5.15,NO,NO,NO,NO,NO,NO,NO,NO,0,0,0,2,0,0,YES,0,0,0,9,MALICIOUS
NO,NO,NO,NO,NO,NO,NO,NO,NO,YES,NO,4,0,5.14,NO,NO,NO,NO,NO,NO,NO,NO,0,0,0,0,0,0,YES,0,0,0,7,MALICIOUS
NO,NO,NO,NO,NO,NO,NO,NO,NO,YES,NO,0,0,5.14,NO,NO,NO,NO,NO,NO,NO,NO,0,0,0,0,0,0,YES,0,0,0,7,MALICIOUS
NO,NO,NO,NO,NO,NO,NO,NO,NO,YES,NO,4,1,5.15,NO,NO,NO,NO,NO,NO,NO,NO,0,0,0,2,0,0,YES,0,0,0,9,MALICIOUS
NO,NO,NO,NO,NO,NO,NO,NO,NO,YES,NO,0,0,5.14,NO,NO,NO,NO,NO,NO,NO,NO,0,0,0,0,0,0,YES,0,0,0,7,MALICIOUS
NO,NO,NO,NO,NO,NO,NO,NO,NO,YES,NO,0,0,5.14,NO,NO,NO,NO,NO,NO,NO,NO,0,0,0,0,0,0,YES,0,0,0,7,MALICIOUS
NO,NO,NO,NO,NO,NO,NO,NO,NO,YES,NO,0,0,5.14,NO,NO,NO,NO,NO,NO,NO,NO,0,0,0,0,0,0,YES,0,0,0,7,MALICIOUS
NO,YES,NO,NO,NO,NO,NO,NO,YES,YES,YES,1,3,4.52,NO,NO,NO,NO,NO,NO,YES,YES,0,0,2,0,0,0,YES,0,0,0,2,MALICIOUS
NO,NO,NO,NO,NO,NO,NO,NO,YES,YES,NO,0,6,4.22,NO,NO,NO,NO,NO,NO,NO,YES,0,0,0,2,0,0,NO,0,0,3,8,MALICIOUS
NO,NO,NO,NO,NO,NO,NO,NO,NO,YES,NO,4,1,5.15,NO,NO,NO,NO,NO,NO,NO,NO,0,0,0,2,0,0,YES,0,0,0,9,MALICIOUS
NO,YES,NO,NO,NO,YES,NO,NO,YES,YES,NO,1,3,4.58,NO,NO,NO,NO,NO,NO,NO,NO,0,0,0,1,0,0,NO,0,0,0,4,MALICIOUS
NO,NO,NO,NO,NO,NO,NO,NO,NO,YES,NO,0,0,4.66,NO,NO,NO,NO,NO,NO,NO,NO,0,1,0,4,0,0,NO,0,1,0,5,MALICIOUS
NO,NO,NO,NO,NO,NO,NO,NO,NO,YES,NO,0,0,5.38,NO,NO,NO,NO,NO,NO,NO,NO,0,0,0,0,0,0,NO,0,0,0,2,MALICIOUS
NO,NO,NO,NO,NO,NO,NO,NO,NO,YES,NO,3,0,5.14,NO,NO,NO,NO,NO,NO,NO,NO,0,0,0,0,0,0,YES,0,0,0,7,MALICIOUS
YES,NO,NO,NO,NO,YES,NO,YES,YES,YES,YES,2,5,5.62,NO,NO,NO,NO,NO,NO,NO,YES,0,0,3,8,0,0,NO,1,1,0,7,MALICIOUS
NO,NO,NO,NO,NO,NO,NO,NO,NO,YES,NO,4,1,4.72,NO,NO,NO,NO,NO,NO,NO,NO,0,0,0,0,0,0,NO,0,0,0,2,MALICIOUS
NO,NO,NO,NO,NO,NO,NO,NO,NO,YES,NO,0,0,5.14,NO,NO,NO,NO,NO,NO,NO,NO,0,0,0,0,0,0,YES,0,0,0,7,MALICIOUS
NO,NO,NO,NO,NO,NO,NO,NO,NO,YES,NO,0,0,5.14,NO,NO,NO,NO,NO,NO,NO,NO,0,0,0,0,0,0,YES,0,0,0,7,MALICIOUS
NO,NO,NO,NO,NO,NO,NO,NO,NO,YES,NO,4,1,5.15,NO,NO,NO,NO,NO,NO,NO,NO,0,0,0,2,0,0,YES,0,0,0,9,MALICIOUS
NO,NO,NO,NO,NO,NO,NO,NO,NO,YES,NO,4,1,4.72,NO,NO,NO,NO,NO,NO,NO,NO,0,0,0,0,0,0,NO,0,0,0,2,MALICIOUS
NO,NO,NO,NO,NO,NO,NO,NO,NO,YES,NO,4,0,5.14,NO,NO,NO,NO,NO,NO,NO,NO,0,0,0,0,0,0,YES,0,0,0,7,MALICIOUS
NO,NO,NO,NO,NO,NO,NO,NO,YES,YES,NO,4,2,3.77,NO,NO,NO,NO,NO,NO,NO,NO,0,0,4,0,0,0,NO,0,0,0,2,MALICIOUS
NO,NO,NO,NO,NO,NO,NO,NO,NO,YES,NO,4,1,5.15,NO,NO,NO,NO,NO,NO,NO,NO,0,0,0,2,0,0,YES,0,0,0,9,MALICIOUS
NO,NO,NO,NO,NO,NO,NO,NO,NO,YES,NO,4,1,5.15,NO,NO,NO,NO,NO,NO,NO,NO,0,0,0,2,0,0,YES,0,0,0,9,MALICIOUS
NO,NO,NO,NO,NO,NO,NO,NO,NO,YES,NO,4,1,5.15,NO,NO,NO,NO,NO,NO,NO,NO,0,0,0,2,0,0,YES,0,0,0,9,MALICIOUS
NO,NO,NO,NO,NO,NO,NO,NO,NO,YES,NO,0,0,5.39,NO,NO,NO,NO,NO,NO,NO,NO,0,1,0,0,0,0,YES,0,0,0,6,MALICIOUS
NO,NO,NO,NO,NO,NO,NO,NO,YES,YES,NO,4,2,5.15,NO,NO,NO,NO,NO,NO,NO,NO,0,0,0,2,0,0,YES,0,0,0,9,MALICIOUS
YES,NO,YES,NO,NO,YES,NO,YES,YES,YES,YES,1,5,5.42,NO,NO,NO,NO,NO,NO,NO,YES,0,0,1,4,0,0,NO,1,0,0,8,MALICIOUS
YES,YES,NO,NO,NO,NO,NO,NO,YES,YES,NO,1,3,4.7,NO,NO,NO,NO,NO,NO,YES,YES,0,0,0,1,0,0,YES,0,0,0,2,MALICIOUS
YES,NO,NO,NO,NO,YES,NO,YES,YES,YES,YES,2,5,5.54,NO,NO,NO,NO,NO,NO,NO,YES,0,0,3,12,0,0,NO,1,1,0,7,MALICIOUS
NO,NO,NO,NO,NO,NO,NO,NO,NO,YES,NO,0,0,5.14,NO,NO,NO,NO,NO,NO,NO,NO,0,0,0,0,0,0,YES,0,0,0,7,MALICIOUS
NO,YES,NO,NO,NO,NO,NO,NO,YES,YES,NO,2,2,5.14,NO,NO,NO,NO,NO,NO,NO,NO,0,0,0,0,0,0,YES,0,0,0,7,MALICIOUS
NO,NO,NO,NO,NO,NO,NO,NO,YES,YES,NO,0,2,3.78,NO,NO,NO,NO,NO,NO,NO,NO,0,0,4,1,0,0,NO,0,0,0,3,MALICIOUS
NO,NO,NO,NO,NO,NO,NO,NO,NO,YES,NO,4,1,5.15,NO,NO,NO,NO,NO,NO,NO,NO,0,0,0,2,0,0,YES,0,0,0,9,MALICIOUS
NO,YES,NO,NO,YES,YES,NO,YES,YES,YES,YES,1,16,5.23,NO,YES,NO,YES,NO,NO,NO,YES,0,1,0,2,0,0,NO,0,0,0,3,MALICIOUS
NO,NO,NO,NO,NO,NO,NO,NO,NO,YES,NO,0,0,5.14,NO,NO,NO,NO,NO,NO,NO,NO,0,0,0,0,0,0,YES,0,0,0,7,MALICIOUS
NO,YES,NO,NO,NO,NO,NO,NO,YES,YES,NO,1,2,5.14,NO,NO,NO,NO,NO,NO,NO,NO,0,0,0,0,0,0,YES,0,0,0,7,MALICIOUS
NO,NO,NO,NO,NO,NO,NO,NO,NO,YES,NO,4,1,5.15,NO,NO,NO,NO,NO,NO,NO,NO,0,0,0,2,0,0,YES,0,0,0,9,MALICIOUS
NO,NO,NO,NO,NO,NO,NO,NO,YES,YES,NO,2,3,5.14,NO,NO,NO,NO,NO,NO,NO,NO,0,0,0,0,0,0,YES,0,0,0,7,MALICIOUS
NO,NO,NO,NO,NO,NO,NO,NO,NO,YES,NO,4,1,4.72,NO,NO,NO,NO,NO,NO,NO,NO,0,0,0,0,0,0,NO,0,0,0,2,MALICIOUS
NO,YES,NO,NO,NO,YES,NO,NO,YES,YES,NO,1,6,5.47,NO,YES,NO,NO,YES,NO,NO,YES,0,0,0,6,0,1,YES,0,0,0,64,MALICIOUS
NO,NO,NO,NO,NO,NO,NO,NO,NO,YES,NO,4,1,5.15,NO,NO,NO,NO,NO,NO,NO,NO,0,0,0,2,0,0,YES,0,0,0,9,MALICIOUS
NO,NO,NO,NO,NO,NO,NO,NO,NO,YES,NO,4,1,5.15,NO,NO,NO,NO,NO,NO,NO,NO,0,0,0,2,0,0,YES,0,0,0,9,MALICIOUS
NO,NO,NO,NO,NO,NO,NO,NO,NO,YES,NO,0,0,5.14,NO,NO,NO,NO,NO,NO,NO,NO,0,0,0,0,0,0,YES,0,0,0,7,MALICIOUS
NO,NO,NO,NO,NO,NO,NO,NO,YES,NO,YES,0,1,5.27,NO,NO,NO,NO,NO,NO,NO,NO,0,0,0,0,0,0,YES,0,0,0,2,MALICIOUS
NO,NO,NO,NO,NO,NO,NO,NO,NO,YES,NO,4,0,5.14,NO,NO,NO,NO,NO,NO,NO,NO,0,0,0,0,0,0,YES,0,0,0,7,MALICIOUS
NO,NO,NO,NO,NO,NO,NO,NO,YES,YES,NO,2,3,3.93,NO,NO,NO,NO,NO,NO,NO,NO,0,0,3,0,0,0,YES,0,0,0,1,MALICIOUS
NO,NO,NO,NO,NO,NO,NO,NO,NO,YES,NO,4,0,5.15,NO,NO,NO,NO,NO,NO,NO,NO,0,0,0,2,0,0,YES,0,0,0,9,MALICIOUS
NO,NO,NO,NO,NO,NO,NO,NO,YES,YES,NO,5,5,5.14,NO,NO,NO,NO,NO,NO,NO,NO,0,0,0,1,1,0,YES,0,0,0,12,MALICIOUS
NO,NO,NO,NO,NO,NO,NO,NO,NO,YES,NO,0,0,5.14,NO,NO,NO,NO,NO,NO,NO,NO,0,0,0,0,0,0,YES,0,0,0,7,MALICIOUS
NO,NO,NO,NO,NO,NO,NO,NO,NO,YES,NO,4,1,5.18,NO,NO,NO,NO,NO,NO,NO,NO,0,0,0,0,0,0,YES,0,0,0,6,MALICIOUS
NO,NO,NO,NO,NO,NO,NO,NO,YES,YES,NO,0,2,4.05,NO,NO,NO,NO,NO,NO,NO,NO,0,0,4,2,0,0,NO,0,0,0,1,MALICIOUS
NO,NO,NO,NO,NO,NO,NO,NO,NO,YES,NO,4,0,5.14,NO,NO,NO,NO,NO,NO,NO,NO,0,0,0,0,0,0,YES,0,0,0,7,MALICIOUS
NO,NO,NO,NO,NO,NO,NO,NO,NO,YES,NO,0,0,5.14,NO,NO,NO,NO,NO,NO,NO,NO,0,0,0,0,0,0,YES,0,0,0,7,MALICIOUS
NO,NO,NO,NO,NO,NO,NO,NO,NO,YES,NO,3,0,5.14,NO,NO,NO,NO,NO,NO,NO,NO,0,0,0,0,0,0,YES,0,0,0,7,MALICIOUS
NO,NO,NO,NO,NO,NO,NO,NO,NO,YES,NO,4,1,5.15,NO,NO,NO,NO,NO,NO,NO,NO,0,0,0,2,0,0,YES,0,0,0,9,MALICIOUS
NO,NO,NO,NO,NO,NO,NO,NO,NO,YES,NO,0,0,5.14,NO,NO,NO,NO,NO,NO,NO,NO,0,0,0,0,0,0,YES,0,0,0,7,MALICIOUS
YES,YES,NO,NO,NO,NO,NO,NO,YES,YES,NO,1,3,4.74,NO,NO,NO,NO,NO,NO,YES,YES,0,0,0,1,0,0,NO,0,0,0,2,MALICIOUS
NO,NO,NO,NO,NO,NO,NO,NO,NO,YES,NO,4,1,5.15,NO,NO,NO,NO,NO,NO,NO,NO,0,0,0,2,0,0,YES,0,0,0,9,MALICIOUS
NO,NO,NO,NO,NO,NO,NO,NO,NO,YES,NO,4,1,5.15,NO,NO,NO,NO,NO,NO,NO,NO,0,0,0,2,0,0,YES,0,0,0,9,MALICIOUS
NO,NO,NO,NO,NO,NO,NO,NO,NO,YES,NO,4,1,5.15,NO,NO,NO,NO,NO,NO,NO,NO,0,0,0,2,0,0,YES,0,0,0,9,MALICIOUS
NO,NO,NO,NO,NO,NO,NO,NO,NO,YES,NO,0,0,5.14,NO,NO,NO,NO,NO,NO,NO,NO,0,0,0,0,0,0,YES,0,0,0,7,MALICIOUS
NO,NO,NO,NO,NO,NO,NO,NO,NO,YES,NO,4,1,5.15,NO,NO,NO,NO,NO,NO,NO,NO,0,0,0,2,0,0,YES,0,0,0,9,MALICIOUS
NO,NO,NO,NO,NO,NO,NO,NO,NO,YES,NO,0,0,5.14,NO,NO,NO,NO,NO,NO,NO,NO,0,0,0,0,0,0,YES,0,0,0,7,MALICIOUS
YES,NO,NO,NO,NO,YES,NO,YES,YES,YES,YES,2,5,5.63,NO,NO,NO,NO,NO,NO,NO,YES,0,0,3,8,0,0,NO,1,1,0,8,MALICIOUS
YES,NO,NO,NO,NO,YES,NO,YES,YES,YES,YES,3,5,5.63,NO,NO,NO,NO,NO,NO,YES,YES,0,0,3,7,0,0,NO,1,1,0,8,MALICIOUS
NO,NO,NO,NO,NO,NO,NO,NO,YES,YES,NO,4,5,5.14,NO,NO,NO,NO,NO,NO,NO,NO,0,0,0,1,1,0,YES,0,0,0,11,MALICIOUS
NO,NO,NO,NO,NO,NO,NO,NO,NO,YES,NO,0,0,5.14,NO,NO,NO,NO,NO,NO,NO,NO,0,0,0,0,0,0,YES,0,0,0,7,MALICIOUS
NO,NO,NO,NO,NO,NO,NO,NO,NO,YES,NO,4,1,5.15,NO,NO,NO,NO,NO,NO,NO,NO,0,0,0,2,0,0,YES,0,0,0,9,MALICIOUS
NO,NO,NO,NO,NO,NO,NO,NO,NO,YES,NO,4,1,5.15,NO,NO,NO,NO,NO,NO,NO,NO,0,0,0,2,0,0,YES,0,0,0,9,MALICIOUS
YES,NO,NO,NO,NO,YES,NO,YES,YES,YES,YES,3,5,5.63,NO,NO,NO,NO,NO,NO,YES,YES,0,0,3,7,0,0,NO,1,1,0,8,MALICIOUS
NO,NO,NO,NO,NO,NO,NO,NO,NO,YES,NO,3,0,5.14,NO,NO,NO,NO,NO,NO,NO,NO,0,0,0,0,0,0,YES,0,0,0,7,MALICIOUS
NO,NO,NO,NO,NO,NO,NO,NO,NO,YES,NO,4,1,5.15,NO,NO,NO,NO,NO,NO,NO,NO,0,0,0,2,0,0,YES,0,0,0,9,MALICIOUS
NO,YES,NO,NO,NO,NO,NO,NO,YES,YES,NO,2,2,3.77,NO,NO,NO,NO,NO,NO,NO,NO,0,0,4,0,0,0,NO,0,0,0,2,MALICIOUS
NO,NO,NO,NO,NO,NO,NO,NO,NO,YES,NO,4,1,5.18,NO,NO,NO,NO,NO,NO,NO,NO,0,0,0,0,0,0,YES,0,0,0,6,MALICIOUS
YES,NO,NO,NO,NO,YES,NO,YES,YES,YES,YES,3,5,5.63,NO,NO,NO,NO,NO,NO,YES,YES,0,0,3,7,0,0,NO,1,1,0,8,MALICIOUS
NO,NO,NO,NO,NO,NO,NO,NO,NO,YES,NO,0,0,5.14,NO,NO,NO,NO,NO,NO,NO,NO,0,0,0,0,0,0,YES,0,0,0,7,MALICIOUS
NO,NO,NO,NO,NO,NO,NO,NO,NO,YES,NO,0,0,5.14,NO,NO,NO,NO,NO,NO,NO,NO,0,0,0,0,0,0,YES,0,0,0,7,MALICIOUS
NO,NO,NO,NO,NO,NO,NO,NO,NO,YES,NO,0,0,5.67,NO,NO,NO,NO,NO,NO,NO,NO,0,0,1,1,0,0,NO,0,0,2,1,MALICIOUS
NO,NO,NO,NO,NO,NO,NO,NO,NO,YES,NO,4,1,5.15,NO,NO,NO,NO,NO,NO,NO,NO,0,0,0,2,0,0,YES,0,0,0,9,MALICIOUS
NO,YES,NO,NO,NO,YES,NO,NO,YES,YES,YES,1,7,5.4,NO,YES,NO,YES,NO,NO,YES,YES,0,0,1,1,0,0,YES,0,0,13,9,MALICIOUS
NO,NO,NO,NO,NO,NO,NO,NO,NO,YES,NO,4,1,5.15,NO,NO,NO,NO,NO,NO,NO,NO,0,0,0,2,0,0,YES,0,0,0,9,MALICIOUS
NO,NO,NO,NO,NO,YES,NO,NO,YES,YES,NO,4,5,3.78,NO,NO,NO,NO,NO,NO,NO,NO,0,0,4,1,0,0,NO,0,0,0,3,MALICIOUS
NO,NO,NO,NO,NO,NO,NO,NO,NO,YES,NO,4,1,5.15,NO,NO,NO,NO,NO,NO,NO,NO,0,0,0,2,0,0,YES,0,0,0,9,MALICIOUS
NO,NO,NO,NO,NO,NO,NO,NO,YES,YES,NO,0,2,3.78,NO,NO,NO,NO,NO,NO,NO,NO,0,0,4,1,0,0,NO,0,0,0,3,MALICIOUS
NO,NO,NO,NO,NO,YES,NO,NO,YES,YES,YES,2,6,4.95,NO,YES,NO,NO,NO,NO,NO,NO,0,0,0,1,0,9,YES,0,0,0,3,MALICIOUS
NO,NO,NO,NO,NO,NO,NO,NO,NO,YES,NO,4,1,5.18,NO,NO,NO,NO,NO,NO,NO,NO,0,0,0,0,0,0,YES,0,0,0,6,MALICIOUS
NO,YES,NO,NO,NO,NO,NO,NO,YES,YES,YES,2,3,3.93,NO,NO,NO,NO,NO,NO,YES,YES,0,0,3,0,0,0,YES,0,0,0,1,MALICIOUS
NO,NO,NO,NO,NO,NO,NO,NO,NO,YES,NO,0,0,5.14,NO,NO,NO,NO,NO,NO,NO,NO,0,0,0,0,0,0,YES,0,0,0,7,MALICIOUS
NO,NO,YES,NO,NO,YES,NO,NO,YES,YES,YES,1,4,5.27,NO,NO,NO,NO,NO,NO,NO,NO,0,0,0,1,0,0,YES,3,0,0,2,MALICIOUS
NO,NO,NO,NO,NO,NO,NO,NO,YES,YES,YES,4,1,4.99,NO,NO,NO,NO,NO,NO,NO,NO,0,0,0,1,0,0,NO,0,0,0,1,MALICIOUS
NO,NO,NO,NO,NO,NO,NO,NO,NO,YES,NO,4,1,4.72,NO,NO,NO,NO,NO,NO,NO,NO,0,0,0,0,0,0,NO,0,0,0,2,MALICIOUS
NO,NO,NO,NO,NO,NO,NO,NO,NO,YES,NO,0,0,5.36,NO,NO,NO,NO,NO,NO,NO,NO,0,0,0,0,0,0,NO,0,0,0,2,MALICIOUS
YES,NO,NO,NO,NO,YES,NO,YES,YES,YES,YES,3,5,5.63,NO,NO,NO,NO,NO,NO,YES,YES,0,0,3,7,0,0,NO,1,1,0,7,MALICIOUS
NO,NO,NO,NO,NO,NO,NO,NO,NO,YES,NO,0,0,5.14,NO,NO,NO,NO,NO,NO,NO,NO,0,0,0,0,0,0,YES,0,0,0,7,MALICIOUS
NO,NO,NO,NO,NO,NO,NO,NO,YES,YES,NO,0,2,3.78,NO,NO,NO,NO,NO,NO,NO,NO,0,0,4,0,0,0,NO,0,0,0,2,MALICIOUS
NO,NO,NO,NO,NO,NO,NO,NO,NO,YES,NO,4,1,5.15,NO,NO,NO,NO,NO,NO,NO,NO,0,0,0,2,0,0,YES,0,0,0,9,MALICIOUS
NO,NO,NO,NO,NO,NO,NO,NO,NO,YES,NO,0,0,5.67,NO,NO,NO,NO,NO,NO,NO,NO,0,0,0,1,0,0,NO,0,0,2,1,MALICIOUS
NO,NO,NO,NO,NO,NO,NO,NO,YES,YES,NO,4,2,5.15,NO,NO,NO,NO,NO,NO,NO,NO,0,0,0,2,0,0,YES,0,0,0,9,MALICIOUS
NO,NO,NO,NO,NO,YES,NO,YES,YES,YES,YES,2,4,5.42,NO,NO,NO,NO,NO,NO,NO,YES,0,0,0,1,0,0,YES,0,0,0,8,MALICIOUS
NO,NO,NO,NO,NO,NO,NO,NO,YES,YES,NO,2,3,5.14,NO,NO,NO,NO,NO,NO,NO,NO,0,0,0,1,1,0,YES,0,0,0,12,MALICIOUS
NO,NO,NO,NO,NO,NO,NO,YES,NO,YES,YES,2,1,4.88,NO,NO,NO,NO,NO,NO,NO,YES,0,0,0,0,0,0,YES,0,0,0,3,MALICIOUS
NO,NO,NO,NO,NO,NO,NO,NO,NO,YES,NO,4,1,5.15,NO,NO,NO,NO,NO,NO,NO,NO,0,0,0,2,0,0,YES,0,0,0,9,MALICIOUS
NO,NO,NO,NO,NO,NO,NO,NO,NO,YES,NO,0,0,5.14,NO,NO,NO,NO,NO,NO,NO,NO,0,0,0,0,0,0,YES,0,0,0,7,MALICIOUS
NO,NO,NO,NO,NO,NO,NO,NO,NO,YES,NO,0,0,5.4,NO,NO,NO,NO,NO,NO,NO,NO,0,1,0,0,0,0,NO,0,0,0,2,MALICIOUS
NO,NO,NO,NO,NO,NO,NO,NO,NO,YES,NO,0,0,5.14,NO,NO,NO,NO,NO,NO,NO,NO,0,0,0,0,0,0,YES,0,0,0,7,MALICIOUS
NO,NO,NO,NO,NO,NO,NO,NO,NO,YES,NO,4,1,5.15,NO,NO,NO,NO,NO,NO,NO,NO,0,0,0,2,0,0,YES,0,0,0,9,MALICIOUS
NO,NO,NO,NO,NO,NO,NO,NO,YES,YES,YES,1,5,5.3,NO,NO,NO,NO,YES,NO,YES,YES,0,0,0,3,0,0,NO,0,0,0,6,MALICIOUS
NO,NO,NO,NO,NO,NO,NO,NO,NO,YES,NO,3,1,4.35,NO,NO,NO,NO,NO,NO,NO,NO,0,0,0,2,0,0,YES,0,0,0,9,MALICIOUS
NO,NO,NO,NO,NO,NO,NO,NO,NO,YES,NO,4,1,5.15,NO,NO,NO,NO,NO,NO,NO,NO,0,0,0,2,0,0,YES,0,0,0,9,MALICIOUS
NO,NO,NO,NO,NO,NO,NO,NO,NO,YES,NO,0,0,5.36,NO,NO,NO,NO,NO,NO,NO,NO,0,0,0,0,0,0,NO,0,0,0,2,MALICIOUS
NO,NO,NO,NO,NO,NO,NO,NO,YES,YES,NO,4,2,5.41,NO,NO,NO,NO,NO,NO,NO,NO,0,1,0,0,0,0,NO,0,0,0,3,MALICIOUS
YES,NO,NO,NO,NO,YES,NO,YES,YES,YES,YES,2,5,5.56,NO,NO,NO,NO,NO,NO,NO,YES,0,0,3,9,0,0,NO,1,1,0,7,MALICIOUS
NO,NO,NO,NO,NO,NO,NO,NO,NO,YES,NO,0,0,5.41,NO,NO,NO,NO,NO,NO,NO,NO,0,1,0,0,1,0,YES,0,1,0,3,MALICIOUS
NO,NO,NO,NO,NO,NO,NO,NO,YES,YES,NO,0,2,3.93,NO,NO,NO,NO,NO,NO,NO,NO,0,0,3,0,0,0,YES,0,0,0,1,MALICIOUS
NO,NO,NO,NO,NO,NO,NO,NO,NO,YES,NO,4,1,5.15,NO,NO,NO,NO,NO,NO,NO,NO,0,0,0,2,0,0,YES,0,0,0,9,MALICIOUS
NO,NO,NO,NO,NO,NO,NO,NO,YES,YES,NO,0,1,5.28,NO,NO,NO,NO,NO,NO,NO,NO,0,0,0,0,0,0,YES,0,0,0,3,MALICIOUS
NO,YES,NO,NO,NO,NO,NO,NO,YES,YES,YES,1,3,5.4,NO,YES,NO,NO,NO,NO,NO,YES,0,0,1,1,0,1,YES,0,0,0,9,MALICIOUS
YES,YES,NO,NO,NO,YES,NO,YES,YES,YES,YES,1,9,5.33,NO,YES,NO,NO,NO,NO,NO,YES,0,6,0,0,0,1,YES,0,3,4,1,MALICIOUS
NO,NO,NO,NO,NO,NO,NO,NO,YES,YES,NO,0,2,5.88,NO,NO,NO,NO,NO,NO,NO,NO,0,0,0,0,0,0,YES,0,0,0,3,MALICIOUS
NO,NO,NO,NO,NO,YES,NO,NO,YES,YES,YES,61,6,5.37,NO,YES,YES,NO,NO,NO,NO,YES,0,0,2,6,0,10,NO,4,0,0,15,MALICIOUS
NO,YES,NO,NO,NO,NO,NO,NO,YES,YES,NO,1,7,5.44,NO,YES,NO,NO,YES,NO,NO,YES,0,1,4,17,0,2,NO,6,0,0,5,MALICIOUS
NO,NO,NO,NO,NO,NO,NO,NO,NO,NO,YES,0,0,5.31,NO,NO,NO,NO,NO,NO,NO,NO,0,0,0,0,0,0,YES,0,0,0,0,MALICIOUS
NO,NO,NO,NO,NO,NO,NO,NO,YES,YES,NO,0,2,5.29,NO,NO,NO,NO,YES,NO,NO,NO,0,0,0,0,0,0,YES,0,0,0,1,MALICIOUS
YES,YES,NO,NO,NO,YES,NO,NO,YES,YES,YES,22,9,5.64,NO,YES,YES,YES,NO,NO,YES,YES,0,1,2,15,0,0,NO,2,0,0,31,MALICIOUS
NO,YES,NO,NO,NO,NO,NO,NO,YES,YES,NO,1,7,5.46,NO,YES,NO,NO,YES,NO,NO,YES,0,0,2,0,0,0,NO,0,0,1,2,MALICIOUS
NO,NO,NO,NO,NO,NO,NO,NO,YES,YES,NO,0,2,5.33,NO,NO,NO,NO,NO,NO,NO,NO,0,0,0,1,0,1,NO,0,0,0,7,MALICIOUS
NO,NO,NO,NO,NO,NO,NO,NO,YES,YES,NO,0,1,4.62,NO,NO,NO,NO,NO,NO,NO,NO,0,0,0,1,0,0,YES,0,2,0,4,MALICIOUS
NO,NO,NO,NO,NO,NO,NO,NO,NO,YES,YES,21,1,4.88,NO,NO,NO,NO,NO,NO,NO,NO,0,0,0,0,0,0,NO,0,0,0,4,MALICIOUS
NO,NO,NO,YES,NO,NO,NO,NO,NO,YES,NO,0,3,0.0,NO,NO,NO,NO,NO,NO,NO,NO,0,0,0,0,0,0,NO,0,0,0,0,MALICIOUS
NO,NO,NO,NO,NO,NO,NO,NO,NO,NO,NO,0,3,5.77,NO,NO,NO,NO,NO,NO,NO,NO,0,0,0,5,0,0,YES,0,1,0,12,MALICIOUS
NO,NO,NO,NO,NO,NO,NO,NO,YES,YES,NO,0,2,5.14,NO,NO,NO,NO,NO,NO,NO,NO,0,0,0,1,0,0,NO,0,0,0,2,MALICIOUS
NO,YES,YES,NO,NO,YES,NO,NO,YES,YES,YES,1,5,5.47,NO,NO,NO,NO,YES,NO,YES,YES,0,1,0,14,0,0,NO,0,0,1,6,MALICIOUS
NO,NO,NO,NO,NO,NO,NO,NO,YES,YES,YES,21,1,5.0,NO,NO,NO,NO,NO,NO,NO,NO,0,0,0,0,0,0,NO,0,0,0,5,MALICIOUS
NO,NO,NO,NO,NO,NO,NO,NO,YES,YES,NO,0,3,5.39,NO,NO,NO,NO,NO,NO,NO,NO,0,0,2,0,0,0,YES,0,0,0,4,MALICIOUS
NO,NO,NO,NO,NO,NO,NO,NO,NO,YES,YES,2,1,5.54,NO,NO,NO,NO,NO,NO,YES,YES,0,1,0,0,0,0,NO,0,0,0,9,MALICIOUS
NO,NO,NO,NO,NO,NO,NO,NO,YES,YES,NO,0,3,5.27,NO,NO,NO,NO,NO,NO,NO,NO,0,0,0,1,0,0,YES,0,0,0,4,MALICIOUS
NO,YES,NO,NO,NO,NO,NO,NO,YES,YES,YES,1,3,5.36,NO,YES,NO,NO,NO,NO,NO,YES,0,0,0,0,0,0,YES,0,0,0,3,MALICIOUS
NO,NO,NO,NO,NO,YES,NO,NO,YES,YES,YES,6,3,5.62,NO,NO,NO,NO,NO,NO,NO,NO,0,0,0,2,0,0,YES,0,0,0,11,MALICIOUS
YES,NO,NO,NO,NO,YES,NO,NO,YES,YES,YES,0,10,5.33,YES,NO,NO,YES,YES,NO,NO,NO,0,0,1,1,0,0,YES,0,0,0,20,MALICIOUS
NO,YES,NO,NO,NO,YES,NO,YES,YES,YES,YES,1,5,5.55,NO,YES,NO,NO,NO,NO,YES,YES,0,0,1,9,0,2,NO,0,0,0,8,MALICIOUS
NO,NO,NO,NO,NO,YES,NO,NO,NO,YES,NO,1,1,5.18,NO,NO,NO,NO,NO,NO,NO,NO,0,0,0,1,0,0,NO,0,0,0,1,MALICIOUS
NO,NO,NO,NO,NO,NO,NO,NO,YES,YES,YES,4,1,5.49,NO,NO,NO,NO,NO,NO,NO,YES,0,0,2,3,0,0,YES,0,0,0,10,MALICIOUS
NO,YES,NO,NO,NO,NO,NO,NO,YES,YES,YES,1,3,4.45,NO,YES,NO,NO,NO,NO,NO,YES,0,0,0,1,0,2,NO,0,0,0,1,MALICIOUS
NO,NO,NO,NO,NO,NO,NO,NO,YES,YES,YES,2,2,5.38,NO,NO,NO,NO,NO,NO,NO,YES,0,0,0,0,0,0,YES,0,0,0,2,MALICIOUS
NO,YES,NO,NO,NO,NO,NO,NO,YES,YES,YES,1,3,5.3,NO,YES,NO,NO,NO,NO,NO,YES,0,0,1,0,0,0,YES,0,0,0,6,MALICIOUS
NO,YES,NO,NO,NO,YES,YES,NO,YES,YES,NO,1,8,4.49,NO,YES,NO,NO,NO,NO,NO,NO,0,0,0,1,0,0,YES,0,0,0,6,MALICIOUS
NO,YES,NO,NO,NO,NO,NO,NO,YES,YES,YES,1,5,4.51,NO,YES,NO,YES,NO,NO,YES,YES,0,0,0,7,0,2,NO,3,0,0,49,MALICIOUS
NO,YES,NO,NO,NO,NO,NO,NO,YES,YES,YES,1,3,5.37,NO,YES,NO,NO,NO,NO,NO,YES,0,0,0,1,0,0,YES,0,0,0,8,MALICIOUS
NO,YES,NO,NO,NO,NO,NO,NO,YES,YES,YES,1,3,5.31,NO,YES,NO,NO,NO,NO,NO,YES,0,0,1,0,0,1,YES,0,0,0,7,MALICIOUS
YES,YES,YES,NO,NO,NO,NO,NO,YES,YES,YES,0,4,5.35,NO,NO,NO,NO,NO,NO,NO,NO,0,0,1,0,0,0,NO,2,0,0,14,MALICIOUS
YES,NO,NO,NO,NO,NO,NO,NO,YES,YES,YES,2,4,5.64,NO,NO,NO,NO,NO,NO,YES,YES,0,0,0,7,0,0,NO,0,0,0,5,MALICIOUS
NO,NO,NO,NO,NO,NO,NO,NO,YES,YES,YES,28,3,5.25,NO,YES,NO,NO,NO,NO,NO,YES,0,0,0,0,0,0,YES,4,0,0,3,MALICIOUS
NO,YES,YES,NO,NO,YES,NO,NO,YES,YES,YES,1,9,5.24,NO,YES,NO,YES,NO,NO,NO,YES,0,0,0,0,0,0,YES,0,0,0,13,MALICIOUS
NO,YES,NO,NO,NO,NO,NO,NO,YES,YES,YES,1,3,5.36,NO,YES,NO,NO,NO,NO,NO,YES,0,0,0,0,0,1,YES,0,0,0,4,MALICIOUS
NO,NO,NO,NO,NO,NO,NO,NO,YES,YES,NO,0,6,5.3,NO,NO,NO,NO,NO,NO,NO,YES,0,3,6,6,0,0,NO,0,0,4,20,MALICIOUS
NO,NO,NO,NO,NO,NO,NO,NO,YES,YES,YES,22,1,4.83,NO,NO,NO,NO,NO,NO,NO,NO,0,0,0,0,0,0,NO,0,0,0,1,MALICIOUS
NO,NO,NO,NO,NO,NO,NO,NO,YES,YES,YES,2,3,5.2,NO,NO,NO,NO,YES,NO,NO,YES,0,0,0,0,0,0,NO,0,0,0,1,MALICIOUS
NO,NO,NO,NO,NO,NO,NO,NO,NO,YES,YES,23,0,5.13,NO,NO,NO,NO,NO,NO,NO,YES,0,0,0,3,0,0,YES,3,0,0,24,MALICIOUS
NO,YES,NO,NO,NO,NO,NO,NO,YES,YES,NO,1,3,6.21,NO,NO,NO,NO,NO,NO,NO,NO,0,0,0,0,0,0,NO,0,0,0,8,MALICIOUS
YES,YES,NO,NO,NO,NO,NO,NO,YES,YES,YES,1,5,5.5,NO,NO,NO,NO,NO,YES,NO,YES,0,1,0,4,0,0,YES,4,0,0,12,MALICIOUS
NO,YES,NO,NO,NO,YES,YES,NO,YES,YES,YES,1,7,5.3,NO,NO,NO,YES,NO,NO,NO,NO,1,0,0,1,0,0,YES,0,0,0,10,MALICIOUS
NO,NO,NO,NO,NO,NO,NO,NO,YES,YES,YES,2,2,5.22,NO,NO,NO,NO,NO,NO,NO,YES,0,0,0,0,0,0,NO,0,0,0,2,MALICIOUS
NO,YES,NO,NO,NO,NO,NO,NO,YES,YES,YES,1,3,5.37,NO,YES,NO,NO,NO,NO,NO,YES,0,0,0,0,0,0,YES,0,0,0,6,MALICIOUS
NO,YES,NO,NO,NO,NO,NO,NO,YES,YES,YES,1,1,5.24,NO,NO,NO,NO,NO,NO,NO,YES,0,0,0,1,0,0,NO,0,0,0,0,MALICIOUS
NO,NO,NO,NO,NO,YES,NO,NO,YES,YES,YES,4,8,5.42,NO,YES,NO,NO,NO,NO,NO,YES,0,1,0,0,0,0,NO,0,8,0,2,MALICIOUS
YES,YES,NO,NO,NO,YES,NO,YES,YES,YES,YES,1,10,5.46,NO,YES,NO,NO,YES,NO,YES,YES,0,2,0,3,0,4,YES,0,0,2,9,MALICIOUS
NO,NO,NO,NO,NO,NO,NO,NO,YES,YES,NO,0,2,5.29,NO,NO,NO,NO,YES,NO,NO,NO,0,0,0,0,0,2,YES,0,0,0,1,MALICIOUS
YES,NO,NO,NO,NO,NO,NO,NO,NO,YES,YES,0,2,5.28,NO,NO,NO,NO,NO,NO,NO,NO,0,0,0,0,0,0,YES,0,0,0,7,MALICIOUS
NO,YES,YES,NO,NO,YES,NO,NO,YES,YES,YES,0,6,5.34,NO,NO,NO,NO,NO,NO,NO,NO,0,0,7,1,0,0,YES,1,0,0,5,MALICIOUS
NO,NO,NO,NO,NO,NO,NO,NO,YES,YES,YES,21,2,4.9,NO,NO,NO,NO,NO,NO,NO,YES,0,0,0,0,0,0,NO,0,0,0,2,MALICIOUS
NO,YES,NO,NO,NO,NO,NO,NO,YES,YES,YES,1,3,5.03,NO,NO,NO,NO,NO,NO,NO,NO,0,0,0,4,0,0,YES,0,0,0,8,MALICIOUS
NO,NO,NO,NO,NO,NO,NO,NO,YES,YES,YES,0,1,5.33,NO,NO,NO,NO,NO,NO,NO,YES,0,0,2,1,0,0,NO,2,0,0,4,MALICIOUS
YES,YES,NO,NO,NO,YES,NO,NO,YES,YES,YES,2,10,5.52,NO,YES,YES,YES,NO,YES,NO,YES,0,1,2,16,0,0,NO,2,0,0,5,MALICIOUS
NO,YES,NO,NO,NO,NO,NO,NO,YES,YES,YES,1,4,5.28,NO,YES,NO,NO,NO,NO,NO,YES,0,0,0,9,0,2,YES,0,0,0,3,MALICIOUS
NO,NO,NO,NO,NO,NO,NO,NO,YES,YES,YES,2,2,5.38,NO,NO,NO,NO,NO,NO,NO,YES,0,0,0,0,0,0,YES,0,0,0,2,MALICIOUS
NO,YES,NO,NO,NO,YES,NO,NO,YES,YES,YES,1,5,5.54,NO,YES,NO,NO,NO,NO,NO,YES,1,0,0,4,0,0,NO,0,0,0,3,MALICIOUS
YES,YES,NO,NO,NO,YES,NO,NO,YES,YES,YES,10,7,4.94,NO,YES,NO,YES,NO,NO,YES,YES,0,0,0,0,0,0,NO,0,0,0,5,MALICIOUS
NO,YES,NO,NO,NO,NO,NO,NO,YES,YES,NO,1,1,5.4,NO,NO,NO,NO,NO,NO,NO,NO,0,0,0,2,0,0,YES,0,0,0,5,MALICIOUS
NO,NO,NO,NO,NO,NO,NO,NO,YES,YES,NO,0,2,5.33,NO,NO,NO,NO,NO,NO,NO,NO,0,0,0,1,0,1,NO,0,0,0,7,MALICIOUS
NO,NO,NO,NO,NO,NO,NO,YES,YES,YES,YES,7,3,5.49,NO,NO,NO,NO,NO,NO,NO,YES,0,0,2,4,0,0,YES,0,0,0,6,MALICIOUS
NO,YES,NO,NO,NO,NO,NO,NO,YES,YES,YES,1,3,5.38,NO,YES,NO,NO,NO,NO,NO,YES,0,0,1,1,0,1,YES,0,0,0,7,MALICIOUS
NO,YES,NO,NO,NO,NO,NO,NO,YES,YES,YES,1,1,5.36,NO,NO,NO,NO,NO,NO,NO,YES,0,0,1,5,0,0,NO,0,2,0,2,MALICIOUS
NO,YES,NO,NO,NO,NO,NO,NO,YES,YES,YES,1,3,5.41,NO,YES,NO,NO,NO,NO,NO,YES,0,0,0,1,0,1,YES,0,0,0,6,MALICIOUS
NO,YES,NO,NO,NO,NO,NO,NO,YES,YES,YES,1,4,5.52,NO,YES,NO,NO,YES,NO,NO,YES,0,0,0,0,0,0,NO,0,0,0,9,MALICIOUS
NO,YES,NO,NO,NO,NO,NO,NO,YES,YES,YES,1,3,5.42,NO,YES,NO,NO,NO,NO,NO,YES,0,0,0,1,0,1,YES,0,0,0,7,MALICIOUS
NO,NO,NO,NO,NO,NO,NO,NO,YES,YES,YES,2,2,5.38,NO,NO,NO,NO,NO,NO,NO,YES,0,0,0,0,0,0,YES,0,0,0,2,MALICIOUS
NO,NO,NO,NO,NO,NO,NO,NO,YES,YES,YES,2,3,5.32,NO,NO,NO,NO,YES,NO,NO,YES,0,0,0,0,0,0,YES,0,0,0,2,MALICIOUS
NO,NO,NO,NO,NO,NO,NO,NO,YES,YES,YES,2,3,5.33,NO,NO,NO,NO,YES,NO,NO,YES,0,0,0,0,0,0,YES,0,0,0,3,MALICIOUS
NO,NO,NO,NO,NO,NO,NO,NO,YES,YES,NO,0,2,5.87,NO,NO,NO,NO,NO,NO,NO,NO,0,0,0,0,0,0,YES,0,0,0,3,MALICIOUS
YES,YES,YES,NO,NO,YES,NO,NO,YES,YES,YES,1,6,4.88,NO,YES,NO,NO,NO,NO,NO,YES,0,0,0,1,0,0,NO,0,0,0,2,MALICIOUS
NO,YES,NO,NO,NO,NO,NO,NO,YES,YES,YES,0,3,5.26,NO,NO,NO,NO,NO,NO,NO,YES,3,0,0,0,0,3,YES,1,0,0,4,MALICIOUS
NO,YES,NO,NO,NO,NO,NO,NO,NO,YES,YES,1,1,4.98,NO,NO,NO,NO,YES,NO,NO,NO,0,0,0,1,0,0,NO,0,0,0,12,MALICIOUS
NO,NO,NO,NO,NO,NO,NO,NO,NO,NO,NO,0,1,5.25,NO,NO,NO,NO,NO,NO,NO,NO,0,0,0,0,0,0,NO,0,0,0,0,MALICIOUS
NO,YES,NO,NO,NO,NO,NO,NO,YES,YES,YES,1,4,4.81,NO,YES,NO,NO,YES,NO,NO,NO,0,0,0,2,0,8,YES,0,0,0,3,MALICIOUS
NO,NO,NO,NO,NO,NO,NO,NO,YES,YES,YES,2,2,5.38,NO,NO,NO,NO,NO,NO,NO,YES,0,0,0,0,0,0,YES,0,0,0,2,MALICIOUS
NO,NO,NO,NO,NO,NO,NO,NO,YES,YES,NO,0,2,5.88,NO,NO,NO,NO,NO,NO,NO,NO,0,0,0,0,0,0,YES,0,0,0,4,MALICIOUS
NO,NO,NO,NO,NO,NO,NO,NO,YES,YES,NO,6,4,5.33,NO,NO,NO,NO,NO,NO,NO,YES,0,0,2,0,0,0,YES,0,0,0,15,MALICIOUS
NO,NO,NO,NO,NO,NO,NO,NO,YES,YES,YES,23,2,4.77,NO,NO,NO,NO,NO,NO,NO,YES,0,0,0,0,0,0,NO,0,0,0,2,MALICIOUS
NO,NO,NO,NO,NO,YES,NO,NO,YES,YES,YES,2,7,4.17,NO,YES,NO,NO,NO,NO,YES,YES,1,0,0,0,0,0,NO,0,0,0,0,MALICIOUS
NO,YES,NO,NO,NO,YES,NO,NO,YES,YES,YES,1,6,5.31,NO,NO,NO,NO,YES,NO,YES,YES,0,0,0,0,0,0,YES,0,0,0,6,MALICIOUS
NO,NO,NO,NO,NO,NO,NO,NO,YES,YES,NO,0,2,5.33,NO,NO,NO,NO,NO,NO,NO,NO,0,0,0,1,0,1,NO,0,0,0,6,MALICIOUS
NO,YES,NO,NO,NO,NO,NO,NO,YES,YES,YES,1,3,5.33,NO,YES,NO,NO,NO,NO,NO,YES,0,0,0,0,0,0,YES,0,0,0,5,MALICIOUS
NO,NO,NO,NO,NO,NO,NO,NO,YES,YES,NO,0,1,4.63,NO,NO,NO,NO,NO,NO,NO,NO,0,0,0,1,0,0,YES,0,2,0,4,MALICIOUS
YES,YES,NO,NO,NO,YES,NO,NO,YES,YES,YES,1,7,5.02,NO,NO,NO,NO,YES,YES,NO,NO,1,0,0,1,0,0,NO,0,0,0,16,MALICIOUS
NO,NO,NO,NO,NO,NO,NO,YES,YES,YES,YES,1,3,5.56,NO,NO,NO,NO,NO,NO,NO,YES,0,0,0,0,0,0,NO,0,9,0,5,MALICIOUS
NO,YES,NO,NO,NO,YES,NO,NO,YES,YES,YES,1,8,5.49,NO,YES,NO,NO,NO,NO,NO,YES,0,0,0,1,0,0,NO,0,0,0,0,MALICIOUS
NO,NO,NO,NO,NO,NO,NO,NO,YES,YES,YES,0,1,4.81,NO,NO,NO,NO,NO,NO,NO,NO,0,0,0,0,0,0,NO,0,0,0,2,MALICIOUS
NO,NO,NO,NO,NO,NO,NO,NO,YES,YES,YES,20,1,4.83,NO,NO,NO,NO,NO,NO,NO,NO,0,0,0,0,0,0,NO,0,0,0,2,MALICIOUS
NO,NO,NO,NO,NO,NO,NO,NO,NO,YES,NO,0,1,4.49,NO,NO,NO,NO,NO,NO,NO,NO,0,0,0,0,0,0,NO,0,0,0,0,MALICIOUS
NO,NO,NO,NO,NO,NO,NO,NO,YES,YES,YES,1,1,5.35,NO,NO,NO,NO,NO,NO,NO,YES,1,1,4,2,0,0,NO,0,0,0,1,MALICIOUS
NO,YES,NO,NO,NO,NO,NO,NO,NO,YES,YES,1,0,5.31,NO,NO,NO,NO,NO,NO,NO,YES,0,0,1,0,0,0,YES,3,0,0,9,MALICIOUS
NO,YES,NO,NO,NO,NO,NO,NO,YES,YES,YES,1,2,5.39,NO,NO,NO,NO,NO,NO,YES,YES,0,0,0,3,0,0,NO,0,1,0,3,MALICIOUS
NO,NO,NO,NO,NO,NO,NO,NO,NO,YES,NO,0,0,5.18,NO,NO,NO,NO,NO,NO,NO,NO,0,0,0,9,0,0,YES,0,0,0,4,MALICIOUS
NO,NO,NO,NO,NO,YES,NO,NO,NO,YES,NO,1,1,5.2,NO,NO,NO,NO,NO,NO,NO,NO,0,0,0,1,0,0,NO,0,0,0,1,MALICIOUS
NO,YES,NO,NO,NO,NO,NO,NO,YES,YES,YES,1,3,5.38,NO,YES,NO,NO,NO,NO,NO,YES,0,0,1,0,0,1,YES,0,0,0,5,MALICIOUS
NO,NO,NO,NO,NO,YES,NO,NO,YES,YES,YES,2,6,5.59,NO,YES,NO,NO,NO,NO,YES,YES,0,1,0,6,0,1,NO,0,0,0,6,MALICIOUS
NO,NO,NO,NO,NO,YES,NO,NO,YES,YES,YES,2,4,4.83,NO,YES,NO,NO,NO,NO,YES,YES,0,0,0,3,0,1,YES,0,0,0,4,MALICIOUS
NO,NO,NO,NO,NO,NO,NO,NO,YES,YES,NO,0,2,5.33,NO,NO,NO,NO,NO,NO,NO,NO,0,0,0,1,0,1,NO,0,0,0,7,MALICIOUS
NO,NO,NO,NO,NO,NO,NO,NO,YES,YES,YES,0,2,5.03,NO,NO,NO,NO,NO,NO,NO,NO,0,0,0,0,0,0,YES,0,0,0,7,MALICIOUS
NO,NO,NO,NO,NO,NO,NO,NO,YES,YES,NO,0,2,5.32,NO,NO,NO,NO,YES,NO,NO,NO,0,0,0,0,0,0,YES,0,0,0,3,MALICIOUS
NO,NO,NO,NO,NO,NO,NO,NO,NO,NO,NO,0,0,5.64,NO,NO,NO,NO,NO,NO,NO,NO,0,0,0,1,0,0,NO,0,2,0,5,MALICIOUS
NO,NO,NO,NO,NO,NO,NO,NO,YES,YES,YES,20,3,4.99,NO,YES,NO,NO,NO,NO,NO,YES,0,0,0,0,0,0,NO,0,0,0,2,MALICIOUS
NO,YES,NO,NO,NO,NO,NO,NO,YES,YES,YES,1,3,5.59,NO,NO,NO,NO,YES,NO,NO,YES,0,0,8,6,0,0,YES,0,0,0,5,MALICIOUS
YES,YES,NO,NO,NO,NO,NO,NO,YES,YES,YES,1,5,5.45,NO,YES,NO,NO,YES,NO,YES,NO,0,0,1,0,0,0,NO,0,0,0,3,MALICIOUS
NO,NO,NO,NO,NO,NO,NO,NO,YES,YES,YES,14,1,5.06,NO,NO,NO,NO,NO,NO,NO,NO,0,0,0,0,0,0,NO,0,0,0,2,MALICIOUS
NO,NO,NO,NO,NO,NO,NO,NO,YES,YES,NO,0,1,5.32,NO,NO,NO,NO,NO,NO,NO,NO,0,0,0,1,0,0,YES,0,0,0,3,MALICIOUS
NO,NO,NO,NO,NO,NO,NO,NO,YES,YES,YES,0,1,4.86,NO,NO,NO,NO,NO,NO,NO,NO,1,1,2,6,0,0,YES,0,0,0,3,MALICIOUS
NO,NO,NO,NO,NO,NO,NO,NO,NO,YES,YES,18,0,4.8,NO,NO,NO,NO,NO,NO,NO,YES,0,0,0,1,0,0,NO,0,0,0,2,MALICIOUS
NO,NO,NO,NO,NO,NO,NO,NO,YES,YES,NO,1,2,5.4,NO,NO,NO,NO,NO,NO,NO,NO,0,0,0,3,0,0,YES,4,0,0,7,MALICIOUS
NO,YES,NO,NO,NO,NO,NO,NO,YES,YES,YES,1,3,5.42,NO,YES,NO,NO,NO,NO,NO,YES,0,0,1,1,0,1,YES,0,0,0,9,MALICIOUS
NO,NO,NO,NO,NO,NO,NO,YES,YES,YES,YES,0,3,5.16,NO,NO,NO,NO,YES,NO,NO,YES,0,0,0,1,0,0,YES,0,0,0,5,MALICIOUS
NO,NO,NO,NO,NO,NO,NO,NO,YES,YES,NO,0,2,5.88,NO,NO,NO,NO,NO,NO,NO,NO,0,0,0,0,0,0,YES,0,0,0,3,MALICIOUS
NO,YES,NO,NO,NO,NO,NO,NO,NO,YES,NO,1,1,5.51,NO,YES,NO,NO,NO,NO,NO,YES,0,0,0,3,0,1,YES,0,0,0,6,MALICIOUS
YES,NO,NO,NO,NO,YES,NO,NO,YES,YES,YES,1,5,5.4,NO,NO,NO,NO,NO,NO,NO,YES,0,1,0,13,1,0,YES,0,3,0,11,MALICIOUS
YES,NO,NO,NO,NO,YES,NO,NO,YES,YES,YES,0,11,6.48,NO,YES,NO,YES,YES,NO,NO,YES,5,0,0,6,0,5,NO,0,0,2,12,MALICIOUS
NO,NO,NO,NO,NO,NO,NO,NO,YES,YES,YES,24,2,5.3,NO,NO,NO,NO,NO,NO,NO,NO,0,0,0,0,0,0,NO,0,0,0,5,MALICIOUS
NO,YES,NO,NO,NO,NO,NO,NO,YES,YES,YES,1,2,5.45,NO,YES,NO,NO,NO,NO,NO,YES,0,0,0,3,0,0,NO,2,0,0,2,MALICIOUS
NO,YES,NO,NO,NO,YES,NO,NO,YES,YES,YES,1,5,5.62,NO,NO,NO,NO,NO,NO,NO,YES,2,3,3,11,0,0,NO,0,0,0,2,MALICIOUS
NO,NO,NO,NO,NO,YES,NO,NO,NO,YES,YES,25,4,5.34,NO,YES,YES,NO,NO,NO,NO,YES,0,0,1,4,0,3,YES,2,0,0,8,MALICIOUS
NO,NO,YES,NO,NO,NO,NO,NO,YES,YES,YES,2,3,5.36,NO,NO,NO,NO,NO,NO,NO,YES,0,0,0,2,0,0,YES,6,0,0,5,MALICIOUS
NO,YES,NO,NO,NO,YES,YES,NO,YES,YES,YES,2,9,5.45,NO,YES,YES,NO,YES,NO,NO,YES,2,0,1,9,0,4,YES,0,1,0,16,MALICIOUS
NO,YES,NO,NO,NO,YES,NO,NO,YES,YES,YES,1,6,4.4,NO,YES,NO,YES,YES,NO,NO,YES,0,0,1,6,0,1,YES,0,0,0,5,MALICIOUS
NO,NO,NO,NO,NO,NO,NO,NO,YES,YES,YES,2,3,5.23,NO,NO,NO,NO,YES,NO,NO,YES,0,0,0,0,0,0,NO,0,0,0,2,MALICIOUS
NO,YES,YES,NO,YES,YES,NO,NO,YES,YES,YES,1,9,5.36,NO,YES,YES,NO,YES,NO,NO,YES,0,3,0,7,2,1,YES,0,0,0,8,MALICIOUS
NO,NO,YES,NO,NO,YES,NO,NO,YES,YES,YES,64,7,5.23,NO,NO,NO,NO,YES,NO,YES,YES,0,0,0,0,0,0,YES,0,0,0,6,MALICIOUS
NO,YES,NO,NO,NO,NO,NO,NO,YES,YES,YES,1,3,5.3,NO,YES,NO,NO,NO,NO,NO,YES,0,0,0,0,0,1,YES,0,0,0,6,MALICIOUS
NO,NO,NO,NO,NO,NO,NO,NO,YES,YES,YES,5,1,4.96,NO,NO,NO,NO,NO,NO,NO,YES,0,0,0,0,0,0,NO,0,0,0,6,MALICIOUS
NO,NO,NO,NO,NO,NO,NO,NO,YES,YES,YES,13,1,4.76,NO,NO,NO,NO,NO,NO,NO,YES,0,0,0,0,0,0,NO,0,0,0,3,MALICIOUS
YES,YES,NO,NO,NO,NO,NO,NO,YES,YES,YES,1,6,5.36,NO,YES,NO,YES,NO,NO,NO,NO,0,0,2,8,0,1,YES,0,0,0,3,MALICIOUS
NO,NO,NO,NO,NO,NO,NO,NO,YES,YES,YES,6,1,5.22,NO,NO,NO,NO,NO,NO,NO,NO,0,0,0,0,0,0,NO,0,0,0,2,MALICIOUS
NO,NO,NO,NO,NO,NO,NO,NO,NO,YES,NO,1,0,3.88,NO,NO,NO,NO,NO,NO,NO,NO,0,0,2,6,0,0,NO,0,0,0,7,MALICIOUS
NO,NO,NO,NO,NO,YES,NO,NO,YES,YES,YES,5,5,5.4,NO,YES,NO,NO,NO,NO,NO,NO,0,0,0,1,0,0,YES,0,1,0,5,MALICIOUS
NO,NO,NO,NO,NO,NO,NO,NO,NO,YES,YES,2,1,5.42,NO,YES,NO,NO,NO,NO,NO,YES,0,0,0,2,0,1,NO,0,0,0,3,MALICIOUS
NO,YES,NO,NO,NO,NO,NO,NO,YES,YES,YES,1,5,5.37,NO,YES,NO,NO,NO,NO,NO,YES,0,0,0,0,0,4,YES,7,0,0,4,MALICIOUS
NO,NO,YES,NO,NO,NO,NO,NO,YES,YES,NO,5,4,5.35,NO,YES,NO,NO,NO,NO,NO,NO,0,0,0,4,0,1,YES,9,0,0,4,MALICIOUS
NO,NO,NO,NO,NO,NO,NO,NO,YES,YES,YES,23,1,4.96,NO,NO,NO,NO,NO,NO,NO,YES,0,0,0,2,0,0,NO,0,0,0,4,MALICIOUS
YES,YES,NO,NO,NO,NO,NO,NO,YES,YES,YES,1,6,5.31,NO,YES,NO,NO,NO,NO,NO,YES,1,0,0,4,0,3,NO,0,0,0,2,MALICIOUS
NO,NO,NO,NO,NO,NO,NO,NO,NO,YES,NO,0,0,5.33,NO,NO,NO,NO,NO,NO,NO,NO,0,0,0,0,0,0,YES,0,0,0,1,MALICIOUS
NO,NO,NO,NO,NO,NO,NO,NO,YES,YES,YES,2,1,5.69,NO,NO,NO,NO,NO,NO,NO,YES,0,0,0,6,0,0,NO,0,0,0,8,MALICIOUS
NO,NO,NO,NO,NO,NO,NO,NO,YES,YES,YES,25,3,5.34,NO,YES,NO,NO,NO,NO,NO,YES,0,0,0,1,0,1,YES,0,0,0,6,MALICIOUS
YES,YES,NO,NO,NO,YES,NO,NO,YES,YES,YES,2,5,5.03,NO,YES,NO,NO,NO,NO,NO,YES,0,2,0,15,0,4,YES,0,0,0,6,MALICIOUS
YES,NO,NO,NO,NO,YES,NO,NO,YES,YES,YES,5,9,5.31,NO,YES,NO,NO,NO,YES,NO,YES,0,1,2,6,0,0,YES,0,0,0,7,MALICIOUS
NO,YES,NO,NO,NO,NO,NO,NO,NO,YES,YES,1,1,4.87,NO,NO,NO,NO,YES,NO,NO,NO,0,0,0,1,0,0,NO,0,0,0,11,MALICIOUS
NO,NO,NO,NO,NO,NO,NO,NO,YES,YES,NO,0,3,5.28,NO,NO,NO,NO,NO,NO,NO,NO,0,0,0,4,0,0,YES,0,0,0,6,MALICIOUS
NO,NO,NO,NO,NO,YES,NO,NO,YES,YES,YES,2,7,4.12,NO,YES,NO,NO,NO,NO,YES,YES,1,0,0,0,0,0,NO,0,0,0,0,MALICIOUS
NO,NO,NO,NO,NO,NO,NO,NO,NO,NO,NO,0,0,5.52,NO,NO,NO,NO,NO,NO,NO,NO,0,0,5,0,0,0,NO,0,0,0,13,MALICIOUS
NO,NO,NO,NO,NO,NO,NO,NO,NO,NO,NO,0,0,0.0,NO,NO,NO,NO,NO,NO,NO,NO,0,0,0,0,0,0,NO,0,0,0,0,MALICIOUS
NO,NO,NO,NO,NO,YES,NO,NO,YES,YES,YES,23,4,5.09,NO,NO,NO,YES,YES,NO,NO,NO,0,0,0,0,0,0,NO,0,0,0,3,MALICIOUS
NO,NO,NO,NO,NO,NO,NO,NO,YES,YES,YES,23,3,4.81,NO,YES,NO,NO,NO,NO,NO,NO,0,0,0,0,0,0,NO,0,0,0,1,MALICIOUS
NO,YES,NO,NO,NO,NO,NO,NO,YES,YES,YES,1,3,5.47,NO,NO,NO,NO,NO,NO,YES,YES,0,0,0,3,0,0,NO,2,0,0,6,MALICIOUS
NO,NO,NO,NO,NO,NO,NO,NO,YES,YES,YES,2,2,5.38,NO,NO,NO,NO,NO,NO,NO,YES,0,0,0,0,0,0,YES,0,0,0,2,MALICIOUS
NO,NO,NO,NO,NO,NO,NO,NO,YES,YES,YES,2,3,5.23,NO,NO,NO,NO,YES,NO,NO,YES,0,0,0,0,0,0,NO,0,0,0,2,MALICIOUS
NO,YES,YES,NO,NO,YES,NO,NO,YES,YES,YES,2,12,5.5,NO,YES,NO,NO,YES,NO,NO,YES,0,0,0,5,1,0,YES,0,1,0,2,MALICIOUS
NO,NO,NO,NO,NO,NO,NO,NO,YES,YES,NO,0,6,5.3,NO,NO,NO,NO,NO,NO,NO,YES,0,3,6,6,0,0,NO,0,0,4,20,MALICIOUS
YES,YES,NO,NO,NO,NO,NO,NO,YES,YES,YES,2,7,5.47,NO,NO,NO,NO,NO,YES,NO,NO,0,0,0,9,0,0,YES,0,2,0,12,MALICIOUS
NO,NO,NO,NO,NO,YES,NO,NO,YES,YES,YES,2,4,5.09,NO,YES,NO,NO,NO,NO,YES,NO,0,0,0,1,0,1,NO,0,0,0,2,MALICIOUS
NO,NO,NO,NO,NO,NO,NO,NO,YES,YES,YES,0,3,5.28,NO,YES,NO,NO,NO,NO,NO,YES,0,0,1,3,0,0,YES,0,0,0,12,MALICIOUS
NO,NO,NO,NO,NO,NO,NO,NO,YES,YES,NO,0,3,5.43,NO,NO,NO,NO,YES,NO,NO,NO,0,0,0,0,0,0,YES,0,0,0,3,MALICIOUS
NO,YES,NO,NO,NO,NO,NO,NO,NO,YES,YES,1,1,4.88,NO,NO,NO,NO,YES,NO,NO,NO,0,0,0,1,0,0,NO,0,0,0,11,MALICIOUS
YES,YES,NO,NO,NO,YES,NO,NO,YES,YES,YES,1,5,5.48,NO,YES,NO,YES,NO,NO,NO,YES,0,0,0,2,0,9,YES,2,0,2,6,MALICIOUS
NO,NO,NO,NO,NO,NO,NO,NO,NO,YES,NO,0,0,5.32,NO,NO,NO,NO,NO,NO,NO,NO,0,0,0,0,0,0,YES,0,0,0,3,MALICIOUS
YES,YES,NO,NO,NO,NO,NO,NO,YES,YES,YES,1,5,5.56,NO,YES,NO,NO,NO,NO,NO,YES,0,0,0,1,0,0,NO,0,10,0,5,MALICIOUS
NO,YES,NO,NO,NO,NO,NO,NO,NO,YES,YES,0,1,5.31,NO,NO,NO,NO,NO,NO,NO,NO,0,0,0,0,0,0,YES,0,0,0,5,MALICIOUS
NO,NO,NO,NO,NO,YES,NO,NO,NO,YES,NO,0,1,5.29,NO,NO,NO,NO,NO,NO,NO,NO,0,0,0,0,0,0,YES,0,0,0,2,MALICIOUS
YES,YES,NO,NO,NO,NO,NO,NO,YES,YES,YES,1,9,5.56,NO,YES,NO,NO,NO,YES,YES,NO,0,0,2,0,0,0,NO,0,3,0,9,MALICIOUS
NO,NO,NO,NO,NO,YES,NO,NO,YES,YES,YES,15,3,4.39,NO,NO,NO,NO,NO,NO,NO,YES,0,0,0,1,0,0,NO,0,0,0,3,MALICIOUS
YES,YES,YES,NO,NO,YES,NO,YES,YES,YES,YES,1,9,5.26,NO,YES,YES,YES,NO,NO,NO,YES,0,0,0,41,0,0,NO,3,0,0,4,MALICIOUS
NO,NO,NO,NO,NO,NO,NO,NO,NO,YES,NO,0,0,5.1,NO,NO,NO,NO,NO,NO,NO,NO,0,0,0,0,0,0,NO,0,0,0,0,MALICIOUS
NO,NO,NO,NO,NO,NO,NO,NO,YES,YES,YES,2,2,5.38,NO,NO,NO,NO,NO,NO,NO,YES,0,0,0,0,0,0,YES,0,0,0,2,MALICIOUS
NO,NO,NO,NO,NO,NO,NO,NO,YES,YES,YES,2,2,5.38,NO,NO,NO,NO,NO,NO,NO,YES,0,0,0,0,0,0,YES,0,0,0,2,MALICIOUS
NO,YES,NO,NO,NO,NO,NO,NO,YES,YES,YES,1,2,5.39,NO,NO,NO,NO,NO,NO,YES,YES,0,0,0,2,0,0,YES,0,0,0,4,MALICIOUS
NO,NO,NO,NO,NO,NO,NO,NO,NO,YES,NO,0,0,5.28,NO,NO,NO,NO,NO,NO,NO,NO,0,0,0,0,0,0,YES,0,0,0,2,MALICIOUS
NO,NO,NO,NO,NO,NO,NO,NO,NO,YES,NO,0,0,4.78,NO,NO,NO,NO,NO,NO,NO,NO,0,0,0,0,0,0,NO,0,0,0,0,MALICIOUS
NO,NO,NO,NO,NO,NO,NO,NO,YES,YES,YES,23,1,4.67,NO,NO,NO,NO,NO,NO,NO,NO,0,0,0,0,0,0,NO,0,0,0,1,MALICIOUS
YES,YES,YES,NO,YES,YES,NO,YES,YES,YES,YES,1,14,5.32,NO,YES,NO,YES,YES,NO,YES,YES,0,0,0,12,0,4,NO,4,0,0,6,BENIGN
NO,NO,YES,NO,NO,YES,NO,NO,YES,YES,YES,2,7,5.42,NO,YES,NO,NO,NO,NO,NO,YES,0,0,1,0,0,0,YES,0,1,0,6,BENIGN
YES,YES,NO,NO,NO,YES,NO,NO,YES,YES,YES,1,10,5.44,NO,YES,NO,YES,YES,NO,NO,NO,0,1,0,4,0,0,NO,0,1,0,7,BENIGN
YES,YES,NO,NO,NO,YES,NO,NO,YES,YES,YES,1,11,5.01,NO,YES,NO,YES,YES,NO,NO,YES,0,1,0,4,0,0,YES,0,0,0,13,BENIGN
YES,YES,NO,NO,NO,YES,NO,NO,YES,YES,YES,0,10,4.68,YES,NO,NO,YES,YES,NO,NO,YES,0,0,0,1,0,0,YES,0,0,0,18,BENIGN
YES,NO,YES,NO,NO,YES,NO,NO,YES,YES,YES,2,12,5.55,NO,YES,NO,YES,YES,NO,NO,YES,0,0,0,0,0,0,NO,0,0,0,0,BENIGN
NO,YES,NO,NO,NO,NO,NO,NO,YES,YES,YES,1,4,4.28,NO,YES,NO,NO,NO,NO,NO,NO,0,0,0,4,0,3,NO,0,0,0,7,BENIGN
NO,NO,NO,NO,NO,NO,NO,NO,YES,YES,YES,2,3,5.3,NO,YES,NO,NO,NO,NO,NO,YES,0,0,0,7,0,4,YES,0,0,0,5,BENIGN
YES,NO,YES,NO,NO,NO,NO,NO,YES,YES,YES,6,12,5.43,NO,YES,NO,NO,NO,NO,NO,NO,0,0,1,7,0,0,NO,0,1,0,15,BENIGN
YES,YES,YES,NO,YES,YES,NO,YES,YES,YES,YES,1,14,5.32,NO,YES,NO,YES,YES,NO,YES,YES,0,0,0,12,0,4,NO,4,0,0,6,BENIGN
YES,YES,NO,NO,NO,YES,NO,NO,YES,YES,YES,1,6,4.86,NO,NO,NO,YES,NO,NO,NO,YES,0,0,0,3,0,0,NO,0,0,0,8,BENIGN
YES,YES,NO,NO,NO,YES,NO,NO,YES,YES,YES,0,10,4.68,YES,NO,NO,YES,YES,NO,NO,YES,0,0,0,1,0,0,YES,0,0,0,18,BENIGN
YES,YES,NO,NO,NO,YES,NO,NO,YES,YES,YES,1,11,5.01,NO,YES,NO,YES,YES,NO,NO,YES,0,1,0,4,0,0,YES,0,0,0,13,BENIGN
YES,YES,NO,NO,NO,YES,NO,NO,YES,YES,YES,1,10,5.44,NO,YES,NO,YES,YES,NO,NO,NO,0,1,0,4,0,0,NO,0,1,0,7,BENIGN
YES,YES,NO,NO,NO,YES,NO,NO,YES,YES,YES,1,9,5.35,NO,YES,NO,YES,NO,NO,YES,NO,0,0,0,6,0,0,YES,2,0,0,7,BENIGN
